Date,SKU,Product Name,Total Tools Price,Total Tools Stock,Sydney Tools Price,Sydney Tools Stock,# Suppliers,Cheapest,Highest,Market Avg,ITM Match Price,Pricing Rule
2026-09-04,00834,WIHA Exclusive 7 Piece VDE Screwdriver Set 00834,109,Yes,,,1,109,109,109,109,Matched Total Tools $109 (ST not listed)
2026-09-04,0782D46BB1605B0328EBB44F01BCC0ACF117DE4E2C6C4711192E3E56CE64AA3D,Spanners,,,,Yes,0,,,,,No competitor prices — set manually
2026-09-04,0D2279B51A624C9C5E125A667E9BD002D854662B86A4C0CEA51F2A50BF83D1DA,Long Nose Pliers,,,,Yes,0,,,,,No competitor prices — set manually
2026-09-04,1E080A1D00C1ED4E2706333813292B1991A72CA80D1ABE0B4BFDB3E0C7F69E7A,Tool Bags,,,,Yes,0,,,,,No competitor prices — set manually
2026-09-04,23B7010A72E208523FAF37C08E2CCD08B008581840F9338EA4D78E69E2D6AC75,C-Clamp,,,,Yes,0,,,,,No competitor prices — set manually
2026-09-04,26761,WIHA 250mm Multigrip Plastic Handle Plier 26761,72.95,Yes,,,1,72.95,72.95,72.95,72.95,Matched Total Tools $72.95 (ST not listed)
2026-09-04,283D749DB3F7622E9843B6E0371CDFB2B82FBCA0B6F51FC257BDAE2F392A817A,Hand Saws,,,,Yes,0,,,,,No competitor prices — set manually
2026-09-04,2B30FC21D6FEBDF7A6DF765250117E33DD95607EE228237A0E6020BDA773BBA9,"Magnetic Drill Bit Annular Cutters, Pins & Taps",,,,No,0,,,,,No competitor prices — set manually
2026-09-04,2D724D858E51EF1469EFF928CF4B9AF197475273705AF2F29482B96900F3E4ED,Clamps,,,,Yes,0,,,,,No competitor prices — set manually
2026-09-04,33738,WIHA 6Pc Stubby Screwdriver Handle Set 33738,43.95,Yes,,,1,43.95,43.95,43.95,43.95,Matched Total Tools $43.95 (ST not listed)
2026-09-04,377041B9345E7529F0EC17943BA9ED7A32884624CEB26010E5896D860A615CAE,Hammers,,,,Yes,0,,,,,No competitor prices — set manually
2026-09-04,38138144E26FAE8DAD725F73A6F4E3B446FA0BEA4B6FF31041BC159443323FEB,Mechanical Hand Tools & Accessories,,,,Yes,0,,,,,No competitor prices — set manually
2026-09-04,38362,WIHA Exclusive 6 Piece VDE Screwdriver Set Slim Shaft 38362,135,Yes,,,1,135,135,135,135,Matched Total Tools $135 (ST not listed)
2026-09-04,38612,WIHA 6 Bits Screwdriver Bit with Magazine LiftUp 38612,165,Yes,,,1,165,165,165,165,Matched Total Tools $165 (ST not listed)
2026-09-04,40523,WIHA 80 Piece Electrician Competence XL Tool Set 40523,2275,Yes,,,1,2275,2275,2275,2275,Matched Total Tools $2275 (ST not listed)
2026-09-04,40674,WIHA Torque Screwdriver Set - 13 Piece 40674,399,Yes,,,1,399,399,399,399,Matched Total Tools $399 (ST not listed)
2026-09-04,40820,WIHA 2.5mm x 75mm Flat VDE Insulated Screwdriver 40820,17.95,Yes,,,1,17.95,17.95,17.95,17.95,Matched Total Tools $17.95 (ST not listed)
2026-09-04,40821,WIHA 3.0mm x 100mm Flat VDE Insulated Screwdriver 40821,19.95,Yes,,,1,19.95,19.95,19.95,19.95,Matched Total Tools $19.95 (ST not listed)
2026-09-04,40822,WIHA 4.0mm x 100mm Flat VDE Insulated Screwdriver 40822,22.95,Yes,,,1,22.95,22.95,22.95,22.95,Matched Total Tools $22.95 (ST not listed)
2026-09-04,40823,WIHA 5.5mm x 125mm Flat VDE Insulated Screwdriver 40823,24.95,Yes,,,1,24.95,24.95,24.95,24.95,Matched Total Tools $24.95 (ST not listed)
2026-09-04,40825,WIHA 80mm Phillips #1 Insulated Screwdriver 40825,25.95,Yes,,,1,25.95,25.95,25.95,25.95,Matched Total Tools $25.95 (ST not listed)
2026-09-04,40826,WIHA 100mm Phillips #2 Insulated Screwdriver 40826,30.95,Yes,,,1,30.95,30.95,30.95,30.95,Matched Total Tools $30.95 (ST not listed)
2026-09-04,40829,WIHA 200mm Needle Nose Pliers 40829,74,Yes,,,1,74,74,74,74,Matched Total Tools $74 (ST not listed)
2026-09-04,41003,WIHA 12 Piece Softfinish Electric Slimfix Screwdriver Set 41003,190,Yes,,,1,190,190,190,190,Matched Total Tools $190 (ST not listed)
2026-09-04,41208,WIHA 3.5mm x 100mm Slotted VDE Insulated Screwdriver 41208,30.95,Yes,,,1,30.95,30.95,30.95,30.95,Matched Total Tools $30.95 (ST not listed)
2026-09-04,41209,WIHA 4.0mm x 100mm Slotted VDE Insulated Screwdriver 41209,36.95,Yes,,,1,36.95,36.95,36.95,36.95,Matched Total Tools $36.95 (ST not listed)
2026-09-04,41212,WIHA 100mm Phillips #2 Insulated Screwdriver 41212,48.95,Yes,,,1,48.95,48.95,48.95,48.95,Matched Total Tools $48.95 (ST not listed)
2026-09-04,41230,WIHA Stubby VDE Magazine Screwdriver with Bit Holder Set 41230,59.95,Yes,,,1,59.95,59.95,59.95,59.95,Matched Total Tools $59.95 (ST not listed)
2026-09-04,41250,WIHA 220mm Insulated Linesman Pliers 41250,76.95,Yes,,,1,76.95,76.95,76.95,76.95,Matched Total Tools $76.95 (ST not listed)
2026-09-04,41926,WIHA Insulated Linesman Plier and Side Cutter Set 2pk 41926,110,Yes,,,1,110,110,110,110,Matched Total Tools $110 (ST not listed)
2026-09-04,42976,WIHA 125mm Precision Mini Flush Cutter 42976,54.95,Yes,,,1,54.95,54.95,54.95,54.95,Matched Total Tools $54.95 (ST not listed)
2026-09-04,43568,WIHA 200mm End Cutter Nipper 43568,48.95,Yes,,,1,48.95,48.95,48.95,48.95,Matched Total Tools $48.95 (ST not listed)
2026-09-04,43569,WIHA 280mm End Cutter Nipper 43569,56.95,Yes,,,1,56.95,56.95,56.95,56.95,Matched Total Tools $56.95 (ST not listed)
2026-09-04,43582,WIHA 200mm Insulated Diagonal Side Cutter Pliers 43582,83.95,Yes,,,1,83.95,83.95,83.95,83.95,Matched Total Tools $83.95 (ST not listed)
2026-09-04,43797,WIHA 12-1000V Non-Contact Voltage Detector 43797,120,Yes,,,1,120,120,120,120,Matched Total Tools $120 (ST not listed)
2026-09-04,43851,WIHA EGROSTAR 9 Piece Ballpoint Magicring Metric Hex Key Set 43851,78.95,Yes,,,1,78.95,78.95,78.95,78.95,Matched Total Tools $78.95 (ST not listed)
2026-09-04,44377,WIHA 220mm Insulated Crosscut Linesman Pliers 44377,79.95,Yes,,,1,79.95,79.95,79.95,79.95,Matched Total Tools $79.95 (ST not listed)
2026-09-04,44537,WIHA VDE 2.0X60mm PicoFinish Slotted Screwdriver 44537,20.95,Yes,,,1,20.95,20.95,20.95,20.95,Matched Total Tools $20.95 (ST not listed)
2026-09-04,44538,WIHA VDE 2.5X60mm PicoFinish Fine Slotted Screwdriver 44538,20.95,Yes,,,1,20.95,20.95,20.95,20.95,Matched Total Tools $20.95 (ST not listed)
2026-09-04,44539,WIHA VDE 3.0X60mm PicoFinish Slotted Screwdriver 44539,20.95,Yes,,,1,20.95,20.95,20.95,20.95,Matched Total Tools $20.95 (ST not listed)
2026-09-04,44540,WIHA VDE 3.5X60mm PicoFinish Slotted Screwdriver 44540,20.95,Yes,,,1,20.95,20.95,20.95,20.95,Matched Total Tools $20.95 (ST not listed)
2026-09-04,44847,WIHA 4 Piece PicoFinish Screwdriver Set 44847,55,Yes,,,1,55,55,55,55,Matched Total Tools $55 (ST not listed)
2026-09-04,45296,WIHA 4in1 VDE Magazine Style SlimBit Screwdriver Set 45296,99,Yes,,,1,99,99,99,99,Matched Total Tools $99 (ST not listed)
2026-09-04,45791,WIHA Electric USB-C Rechargeable Screwdriver With 30 Bits & Case 45791,89,Yes,,,1,89,89,89,89,Matched Total Tools $89 (ST not listed)
2026-09-04,45960,WIHA 1000V VDE 220mm Cross Cut & 200mm Diagonal 2pcs Plier Set 45960,107,Yes,,,1,107,107,107,107,Matched Total Tools $107 (ST not listed)
2026-09-04,47C44B57A41389AD00C2ED2543C59E2B61942722A0C19027B1DB8307030E9F4D,Sharpener Attachments,,,,Yes,0,,,,,No competitor prices — set manually
2026-09-04,4D0D2305F7970D4AF0B937C5B73991C10781156DCCB8C2EC615BF65B4BC9F59D,Quick Grip Bar Clamp,,,,Yes,0,,,,,No competitor prices — set manually
2026-09-04,50B2CAE8E18EC726BF6307056804009357896DEF18705901CCAFADC283ADFFFD,HSS High Speed Steel Drill Bit - Sets,,,,No,0,,,,,No competitor prices — set manually
2026-09-04,5531323FBDDD31525FA3D899BEEEA2D239161D3E695F8CC909D7A1CEB9DD81A0,Adaptors,,,,Yes,0,,,,,No competitor prices — set manually
2026-09-04,5F842EE58602589C4CEB99B9F4CAA5189A9C18FED35C4945BB12B04E0D449BAB,Drill Bit Sharpeners,,,,Yes,0,,,,,No competitor prices — set manually
2026-09-04,610611497156A06308F543E23470CB00BAC25862DA7EFBE8A3820C440DC88504,Sheet Metal Bending Pliers,,,,Yes,0,,,,,No competitor prices — set manually
2026-09-04,6631B77FF3A1EFC1242C7D9247A2F32E6DE84B67BE76BF249EB0A3A26A8EC898,Wrenches,,,,Yes,0,,,,,No competitor prices — set manually
2026-09-04,684C481AC2DB92892D6F2E7ED0AD251F3A231E9ADC939532186F1D071B1CC339,Knives,,,,Yes,0,,,,,No competitor prices — set manually
2026-09-04,735329E2D98BB8F172612E21B0D43A09447086F1AE9D0C62A563B296EE799060,G Clamps,,,,Yes,0,,,,,No competitor prices — set manually
2026-09-04,7446A5ACC38B09E92D2248E2A705E6E39CC351BD7FCB309100D95D12DE0EE011,Crimpers & Presses,,,,Yes,0,,,,,No competitor prices — set manually
2026-09-04,746EE81012FD611408402899617C4A328CC371E052A23324B7F1AE812372922D,F-CLAMP,,,,Yes,0,,,,,No competitor prices — set manually
2026-09-04,793BD222B28DF4DB874447A1E8D7C488212714BB4012A6CC4D60E21F7C7356D2,Torque Wrenches,,,,Yes,0,,,,,No competitor prices — set manually
2026-09-04,79A36AF5A180943C8901A450EE3F59D216845B71B145FD52E380D520E448BF99,Mallet Hammers,,,,Yes,0,,,,,No competitor prices — set manually
2026-09-04,85C4031D3644CD80CEFE40826B916A45A03E3E7A388085A840BB4D3C13E1318E,Combination Pliers,,,,Yes,0,,,,,No competitor prices — set manually
2026-09-04,8D60EB9A5125DAA093DC2039580BACB45D5617F84553784EB3077C236971F1C5,Cable Cutters & Strippers,,,,Yes,0,,,,,No competitor prices — set manually
2026-09-04,8E80C06976C015851653F6E56EFA6CFE9842578D1D351D7C6C97127002F0674A,Pliers & Cutting Tools,,,,Yes,0,,,,,No competitor prices — set manually
2026-09-04,9D757F9E93F943439911075A3270A3AD830190EE393632EC7A81F09060C5AAAD,Tool Pouches & Accessories,,,,Yes,0,,,,,No competitor prices — set manually
2026-09-04,A7D58D8B8CD5656D93FBE6A23DF78E03ADD28F65CE2609E5006BC551E3C74167,Diagnostic Tools,,,,Yes,0,,,,,No competitor prices — set manually
2026-09-04,AT1225,HOLEMAKER 12 x 25mm HSS-TiN Multifit Annular Cutter - GOLD SERIES,72,Yes,,,1,72,72,72,72,Matched Total Tools $72 (ST not listed)
2026-09-04,AT1250,HOLEMAKER 12 x 50mm HSS-TiN Multifit Annular Cutter - GOLD SERIES,87,Yes,,,1,87,87,87,87,Matched Total Tools $87 (ST not listed)
2026-09-04,AT1325,HOLEMAKER 13 x 25mm HSS-TiN Multifit Annular Cutter - GOLD SERIES,72,Yes,,,1,72,72,72,72,Matched Total Tools $72 (ST not listed)
2026-09-04,AT1350,HOLEMAKER 13 x 50mm HSS-TiN Multifit Annular Cutter - GOLD SERIES,87,Yes,,,1,87,87,87,87,Matched Total Tools $87 (ST not listed)
2026-09-04,AT1425,HOLEMAKER 14 x 25mm HSS-TiN Multifit Annular Cutter - GOLD SERIES,72,Yes,,,1,72,72,72,72,Matched Total Tools $72 (ST not listed)
2026-09-04,AT1450,HOLEMAKER 14 x 50mm HSS-TiN Multifit Annular Cutter - GOLD SERIES,91,Yes,,,1,91,91,91,91,Matched Total Tools $91 (ST not listed)
2026-09-04,AT1625,HOLEMAKER 16 x 25mm HSS-TiN Multifit Annular Cutter - GOLD SERIES,79,Yes,,,1,79,79,79,79,Matched Total Tools $79 (ST not listed)
2026-09-04,AT1650,HOLEMAKER 16 x 50mm HSS-TiN Multifit Annular Cutter - GOLD SERIES,91,Yes,,,1,91,91,91,91,Matched Total Tools $91 (ST not listed)
2026-09-04,AT1750,HOLEMAKER 17 x 50mm HSS-TiN Multifit Annular Cutter - GOLD SERIES,101,Yes,,,1,101,101,101,101,Matched Total Tools $101 (ST not listed)
2026-09-04,AT1825,HOLEMAKER 18 x 25mm HSS-TiN Multifit Annular Cutter - GOLD SERIES,81,Yes,,,1,81,81,81,81,Matched Total Tools $81 (ST not listed)
2026-09-04,AT1850,HOLEMAKER 18 x 50mm HSS-TiN Multifit Annular Cutter - GOLD SERIES,101,Yes,,,1,101,101,101,101,Matched Total Tools $101 (ST not listed)
2026-09-04,AT2025,HOLEMAKER 20 x 25mm HSS-TiN Multifit Annular Cutter - GOLD SERIES,83,Yes,,,1,83,83,83,83,Matched Total Tools $83 (ST not listed)
2026-09-04,AT2050,HOLEMAKER 20 x 50mm HSS-TiN Multifit Annular Cutter - GOLD SERIES,113,Yes,,,1,113,113,113,113,Matched Total Tools $113 (ST not listed)
2026-09-04,AT2225,HOLEMAKER 22 x 25mm HSS-TiN Multifit Annular Cutter - GOLD SERIES,99,Yes,,,1,99,99,99,99,Matched Total Tools $99 (ST not listed)
2026-09-04,AT2250,HOLEMAKER 22 x 50mm HSS-TiN Multifit Annular Cutter - GOLD SERIES,125,Yes,,,1,125,125,125,125,Matched Total Tools $125 (ST not listed)
2026-09-04,AT2425,HOLEMAKER 24 x 25mm HSS-TiN Multifit Annular Cutter - GOLD SERIES,103,Yes,,,1,103,103,103,103,Matched Total Tools $103 (ST not listed)
2026-09-04,AT2450,HOLEMAKER 24 x 50mm HSS-TiN Multifit Annular Cutter - GOLD SERIES,137,Yes,,,1,137,137,137,137,Matched Total Tools $137 (ST not listed)
2026-09-04,AT2525,HOLEMAKER 25 x 25mm HSS-TiN Multifit Annular Cutter - GOLD SERIES,103,Yes,,,1,103,103,103,103,Matched Total Tools $103 (ST not listed)
2026-09-04,AT2550,HOLEMAKER 25 x 50mm HSS-TiN Multifit Annular Cutter - GOLD SERIES,137,Yes,,,1,137,137,137,137,Matched Total Tools $137 (ST not listed)
2026-09-04,AT2625,HOLEMAKER 26 x 25mm HSS-TiN Multifit Annular Cutter - GOLD SERIES,113,Yes,,,1,113,113,113,113,Matched Total Tools $113 (ST not listed)
2026-09-04,AT2650,HOLEMAKER 26 x 50mm HSS-TiN Multifit Annular Cutter - GOLD SERIES,148,Yes,,,1,148,148,148,148,Matched Total Tools $148 (ST not listed)
2026-09-04,AT2825,HOLEMAKER 28 x 25mm HSS-TiN Multifit Annular Cutter - GOLD SERIES,120,Yes,,,1,120,120,120,120,Matched Total Tools $120 (ST not listed)
2026-09-04,AT2850,HOLEMAKER 28 x 50mm HSS-TiN Multifit Annular Cutter - GOLD SERIES,154,Yes,,,1,154,154,154,154,Matched Total Tools $154 (ST not listed)
2026-09-04,AT3025,HOLEMAKER 30 x 25mm HSS-TiN Multifit Annular Cutter - GOLD SERIES,126,Yes,,,1,126,126,126,126,Matched Total Tools $126 (ST not listed)
2026-09-04,AT3050,HOLEMAKER 30 x 50mm HSS-TiN Multifit Annular Cutter - GOLD SERIES,170,Yes,,,1,170,170,170,170,Matched Total Tools $170 (ST not listed)
2026-09-04,AT3225,HOLEMAKER 32 x 25mm HSS-TiN Multifit Annular Cutter - GOLD SERIES,137,Yes,,,1,137,137,137,137,Matched Total Tools $137 (ST not listed)
2026-09-04,AT3250,HOLEMAKER 32 x 50mm HSS-TiN Multifit Annular Cutter - GOLD SERIES,179,Yes,,,1,179,179,179,179,Matched Total Tools $179 (ST not listed)
2026-09-04,BCAEC78FAF1119BD6858F0D06C48545D7DC3D11BCC151C8DD499F9E9F24C37C9,Locking Pliers,,,,Yes,0,,,,,No competitor prices — set manually
2026-09-04,BDAD4A8FC9E62A37FCDC5C4763EC9576B1E92A1A05ABBB65DD22AF4BCD21181F,Voltage Detectors,,,,Yes,0,,,,,No competitor prices — set manually
2026-09-04,BDF2430E7D936386C2978ED239D029F0BC698386F36868C7D664FB826F1C6DD3,Welding Pliers,,,,Yes,0,,,,,No competitor prices — set manually
2026-09-04,BPID32-14SF,"GROZ Ball Pein Hammer 32 Oz Hd / 14"" Handle (Soft Face)",137,Yes,,,1,137,137,137,137,Matched Total Tools $137 (ST not listed)
2026-09-04,CB89288914CEECD8F31FA1F6F0F54ED008B21A4FB389C9ED342C99BD073DD9C6,Screwdrivers,,,,Yes,0,,,,,No competitor prices — set manually
2026-09-04,CBC-SA1,"Holemaker CB-SA1 1/4"" x 5/8"" Cylindrical Square Carbide Burr",,,59,Yes,1,59,59,59,59,Matched Sydney Tools $59 (TT not listed)
2026-09-04,CBC-SA2,"Holemaker CB-SA2 5/16"" x 3/4"" Cylindrical Square Carbide Burr",,,66,Yes,1,66,66,66,66,Matched Sydney Tools $66 (TT not listed)
2026-09-04,CBC-SA3,"Holemaker CB-SA3 3/8"" x 3/4"" Cylindrical Square Carbide Burr",,,41.95,Yes,1,41.95,41.95,41.95,41.95,Matched Sydney Tools $41.95 (TT not listed)
2026-09-04,CBC-SA3-AC,"Holemaker CB-SA3-AC 3/8"" x 3/4"" Cylindrical Square Carbide Burr",,,76,Yes,1,76,76,76,76,Matched Sydney Tools $76 (TT not listed)
2026-09-04,CBC-SA5,"Holemaker CB-SA5 1/2"" x 1"" Cylindrical Square Carbide Burr",,,115,Yes,1,115,115,115,115,Matched Sydney Tools $115 (TT not listed)
2026-09-04,CBC-SA5-AC,"Holemaker CB-SA5-AC 1/2"" x 1"" Cylindrical Square Carbide Burr",,,146,Yes,1,146,146,146,146,Matched Sydney Tools $146 (TT not listed)
2026-09-04,CBC-SA6,"Holemaker CB-SA6 5/8"" x 1"" Cylindrical Square Carbide Burr",,,195,Yes,1,195,195,195,195,Matched Sydney Tools $195 (TT not listed)
2026-09-04,CBC-SB1,"Holemaker CB-SB1 1/4"" x 5/8"" Cylindrical End Carbide Burr",,,59,Yes,1,59,59,59,59,Matched Sydney Tools $59 (TT not listed)
2026-09-04,CBC-SB2,"Holemaker CB-SB2 5/16"" x 3/4"" Cylindrical End Cut Carbide Burr",,,44.5,Yes,1,44.5,44.5,44.5,44.5,Matched Sydney Tools $44.5 (TT not listed)
2026-09-04,CBC-SB3,"Holemaker CB-SB3 3/8"" x 3/4"" Cylindrical End Carbide Burr",,,77,Yes,1,77,77,77,77,Matched Sydney Tools $77 (TT not listed)
2026-09-04,CBC-SB5,"Holemaker CB-SB5 1/2"" x 1"" Cylindrical End Cut Carbide Burr",,,115,Yes,1,115,115,115,115,Matched Sydney Tools $115 (TT not listed)
2026-09-04,CBC-SB6,"Holemaker CB-SB6 5/8"" x 1"" Cylindrical End Carbide Burr",,,219,Yes,1,219,219,219,219,Matched Sydney Tools $219 (TT not listed)
2026-09-04,CBC-SC1,"Holemaker CB-SC1 1/4"" x 5/8"" Cylindrical Radius Carbide Burr",,,62,Yes,1,62,62,62,62,Matched Sydney Tools $62 (TT not listed)
2026-09-04,CBC-SC2,"Holemaker CB-SC2 5/16"" x 3/4"" Cylindrical Radius Carbide Burr",,,75,Yes,1,75,75,75,75,Matched Sydney Tools $75 (TT not listed)
2026-09-04,CBC-SC3,"Holemaker CB-SC3 3/8"" x 3/4"" Cylindrical Radius Carbide Burr",,,80,Yes,1,80,80,80,80,Matched Sydney Tools $80 (TT not listed)
2026-09-04,CBC-SC3-AC,"Holemaker CB-SC3-AC 3/8"" x 3/4"" Cylindrical Radius Carbide Burr",,,76,Yes,1,76,76,76,76,Matched Sydney Tools $76 (TT not listed)
2026-09-04,CBC-SC5,"Holemaker CB-SC5 1/2"" x 1"" Cylindrical Radius Carbide Burr",,,120,Yes,1,120,120,120,120,Matched Sydney Tools $120 (TT not listed)
2026-09-04,CBC-SC5-AC,"Holemaker CB-SC5-AC 1/2"" x 1"" Cylindrical Radius Carbide Burr",,,120,Yes,1,120,120,120,120,Matched Sydney Tools $120 (TT not listed)
2026-09-04,CBC-SC6,"Holemaker CB-SC6 5/8"" x 1"" Cylindrical Radius Carbide Burr",,,188,Yes,1,188,188,188,188,Matched Sydney Tools $188 (TT not listed)
2026-09-04,CBC-SD1,"Holemaker CB-SD1 1/4"" Ball Shape Carbide Burr",,,52,Yes,1,52,52,52,52,Matched Sydney Tools $52 (TT not listed)
2026-09-04,CBC-SD1-AC,"Holemaker CB-SD1-AC 1/4"" Ball Shape Carbide Burr",,,58,Yes,1,58,58,58,58,Matched Sydney Tools $58 (TT not listed)
2026-09-04,CBC-SD2,"Holemaker CB-SD2 5/16"" Ball Shape Carbide Burr",,,60,Yes,1,60,60,60,60,Matched Sydney Tools $60 (TT not listed)
2026-09-04,CBC-SD3,"Holemaker CB-SD3 3/8"" Ball Shape Carbide Burr",,,66,Yes,1,66,66,66,66,Matched Sydney Tools $66 (TT not listed)
2026-09-04,CBC-SD5,"Holemaker CB-SD5 1/2"" Ball Shape Carbide Burr",,,86,Yes,1,86,86,86,86,Matched Sydney Tools $86 (TT not listed)
2026-09-04,CBC-SE1,"Holemaker CB-SE1 1/4"" x 3/8"" Oval Shape Carbide Burr",,,55,Yes,1,55,55,55,55,Matched Sydney Tools $55 (TT not listed)
2026-09-04,CBC-SE3,"Holemaker CB-SE3 3/8"" x 5/8"" Oval Shape Carbide Burr",,,77,Yes,1,77,77,77,77,Matched Sydney Tools $77 (TT not listed)
2026-09-04,CBC-SE5,"Holemaker CB-SE5 1/2"" x 7/8"" Oval Shape Carbide Burr",,,67.5,Yes,1,67.5,67.5,67.5,67.5,Matched Sydney Tools $67.5 (TT not listed)
2026-09-04,CBC-SET-01,"Holemaker CB-SET-01 5pce 3/8"" Carbide Burr Set",285,Yes,307,Yes,2,285,307,296,296,Midpoint TT $285 / ST $307
2026-09-04,CBC-SET-02,"Holemaker CB-SET-02 5pce 3/8"" Carbide Burr Set",,,360,Yes,1,360,360,360,360,Matched Sydney Tools $360 (TT not listed)
2026-09-04,CBC-SET-03,"Holemaker CB-SET-03 3pce 3/8"" Carbide Burr Set",188.5,Yes,151,Yes,2,151,188.5,169.75,169.75,Midpoint TT $188.5 / ST $151
2026-09-04,CBC-SET-04,Holemaker CB-SET-04 5pce 1/2” Carbide Burr Set,,,575,Yes,1,575,575,575,575,Matched Sydney Tools $575 (TT not listed)
2026-09-04,CBC-SET-05,"Holemaker CB-SET-05 5pce 3/8"" & 1/2” Carbide Burr Set",,,219,Yes,1,219,219,219,219,Matched Sydney Tools $219 (TT not listed)
2026-09-04,CBC-SET-06,Holemaker CB-SET-06 5pce 3/8” & 1/2” Carbide Burr Set,,,505,Yes,1,505,505,505,505,Matched Sydney Tools $505 (TT not listed)
2026-09-04,CBC-SET-07,Holemaker CB-SET-07 5pce 3/8” & 1/2” Carbide Burr Set,,,480,Yes,1,480,480,480,480,Matched Sydney Tools $480 (TT not listed)
2026-09-04,CBC-SET-08,Holemaker CB-SET-08 7pce 1/4” Carbide Burr Set,,,333,Yes,1,333,333,333,333,Matched Sydney Tools $333 (TT not listed)
2026-09-04,CBC-SET-10,Holemaker CB-SET-10 7pce 3/8” Carbide Burr Set,,,505,Yes,1,505,505,505,505,Matched Sydney Tools $505 (TT not listed)
2026-09-04,CBC-SET-11,Holemaker CB-SET-11 5pce 3/8” & 1/2” Carbide Burr Set,,,305,Yes,1,305,305,305,305,Matched Sydney Tools $305 (TT not listed)
2026-09-04,CBC-SET-12,Holemaker CB-SET-12 7pce 1/2” Carbide Burr Set,,,735,Yes,1,735,735,735,735,Matched Sydney Tools $735 (TT not listed)
2026-09-04,CBC-SET-13,Holemaker CB-SET-13 8pce 1/2” Carbide Burr Set,,,900,Yes,1,900,900,900,900,Matched Sydney Tools $900 (TT not listed)
2026-09-04,CBC-SET-14,"Holemaker CB-SET-14 8pce 1/4”, 3/8” & 1/2” Carbide Burr Set",,,570,Yes,1,570,570,570,570,Matched Sydney Tools $570 (TT not listed)
2026-09-04,CBC-SET-16,"Holemaker CB-SET-16 8pce 1/4”, 3/8” & 1/2” Carbide Burr Set",,,682,Yes,1,682,682,682,682,Matched Sydney Tools $682 (TT not listed)
2026-09-04,CBC-SET-18,"Holemaker CB-SET-18 5pce 3/8"" & 5/16"" Carbide Burr Set",,,419,Yes,1,419,419,419,419,Matched Sydney Tools $419 (TT not listed)
2026-09-04,CBC-SET-23,HOLEMAKER 1/2 inch D-Cut Carbide Burr TC Set - 3 Piece,185,Yes,,,1,185,185,185,185,Matched Total Tools $185 (ST not listed)
2026-09-04,CBC-SF1,"Holemaker CB-SF1 1/4"" x 3/4"" Tree Shape Radius Carbide Burr",,,62,Yes,1,62,62,62,62,Matched Sydney Tools $62 (TT not listed)
2026-09-04,CBC-SF3,"Holemaker CB-SF3 3/8"" x 3.4"" Tree Shape Radius Carbide Burr",,,80,Yes,1,80,80,80,80,Matched Sydney Tools $80 (TT not listed)
2026-09-04,CBC-SF3-AC,"Holemaker CB-SF3-AC 3/8"" x 3/4"" Tree Shape Radius Carbide Burr",,,75,Yes,1,75,75,75,75,Matched Sydney Tools $75 (TT not listed)
2026-09-04,CBC-SF4,"Holemaker CB-SF4 7/16"" x 1"" Tree Shape Radius Carbide Burr",,,110,Yes,1,110,110,110,110,Matched Sydney Tools $110 (TT not listed)
2026-09-04,CBC-SF5,"Holemaker CB-SF5 1/2"" x 1"" Tree Shape Radius Carbide Burr",,,120,Yes,1,120,120,120,120,Matched Sydney Tools $120 (TT not listed)
2026-09-04,CBC-SF5-AC,"Holemaker CB-SF5-AC 1/2"" x 1"" Tree Shape Radius Carbide Burr",,,110,Yes,1,110,110,110,110,Matched Sydney Tools $110 (TT not listed)
2026-09-04,CBC-SG1,"Holemaker CB-SG1 1/4"" x 5/8"" Tree Shape Pointed Carbide Burr",,,62,Yes,1,62,62,62,62,Matched Sydney Tools $62 (TT not listed)
2026-09-04,CBC-SG3,"Holemaker CB-SG3 3/8"" x 3/4"" Tree Shape Pointed Carbide Burr",,,80,Yes,1,80,80,80,80,Matched Sydney Tools $80 (TT not listed)
2026-09-04,CBC-SG5,"Holemaker CB-SG5 1/2"" x 1"" Tree Shape Pointed Carbide Burr",,,110,Yes,1,110,110,110,110,Matched Sydney Tools $110 (TT not listed)
2026-09-04,CBC-SH1,"Holemaker CB-SH1 1/4"" X 5/8"" Flame Shape Carbide Burr",,,66,Yes,1,66,66,66,66,Matched Sydney Tools $66 (TT not listed)
2026-09-04,CBC-SH2,"Holemaker CB-SH2 5/16"" x 3/4"" Flame Shape Carbide Burr",,,35.95,Yes,1,35.95,35.95,35.95,35.95,Matched Sydney Tools $35.95 (TT not listed)
2026-09-04,CBC-SH3,"Holemaker CB-SH3 3/8"" x 1"" Flame Shape Carbide Burr",,,86,Yes,1,86,86,86,86,Matched Sydney Tools $86 (TT not listed)
2026-09-04,CBC-SH5,"Holemaker CB-SH5 1/2"" x 1-1/4"" Flame Shape Carbide Burr",,,145,Yes,1,145,145,145,145,Matched Sydney Tools $145 (TT not listed)
2026-09-04,CBC-SL1,"Holemaker CB-SL1 1/4"" x 5/8"" Tapered Radius Carbide Burr",,,62,Yes,1,62,62,62,62,Matched Sydney Tools $62 (TT not listed)
2026-09-04,CBC-SL2,"Holemaker CB-SL2 5/16"" x 7/8"" Tapered Radius Carbide Burr",,,80,Yes,1,80,80,80,80,Matched Sydney Tools $80 (TT not listed)
2026-09-04,CBC-SL3,"Holemaker CB-SL3 3/8"" x 1-1/16"" Tapered Radius Carbide Burr",,,96,Yes,1,96,96,96,96,Matched Sydney Tools $96 (TT not listed)
2026-09-04,CBC-SL4,"Holemaker CB-SL4 1/2"" x 1-1/8"" Tapered Radius Carbide Burr",,,125,Yes,1,125,125,125,125,Matched Sydney Tools $125 (TT not listed)
2026-09-04,CBC-SL4-AC,"Holemaker CB-SL4-AC 1/2"" x 1-1/8"" Tapered Radius Carbide Burr",,,130,Yes,1,130,130,130,130,Matched Sydney Tools $130 (TT not listed)
2026-09-04,CBC-SM2,"Holemaker CB-SM2 1/4"" x 3/4"" Cone Shape Carbide Burr",,,62,Yes,1,62,62,62,62,Matched Sydney Tools $62 (TT not listed)
2026-09-04,CBC-SM4,"Holemaker CB-SM4 3/8"" x 3/4"" Cone Shape Carbide Burr",,,80,Yes,1,80,80,80,80,Matched Sydney Tools $80 (TT not listed)
2026-09-04,CBC-SM5,"Holemaker CB-SM5 1/2"" x 1"" Cone Shape Carbide Burr",,,120,Yes,1,120,120,120,120,Matched Sydney Tools $120 (TT not listed)
2026-09-04,CBC-SM6,"Holemaker CB-SM6 5/8"" x 1-1/8"" Cone Shape Carbide Burr",,,151,Yes,1,151,151,151,151,Matched Sydney Tools $151 (TT not listed)
2026-09-04,CFFFEA3037B2EB53038E6B669A3D0F83703B61DA76D973667DA8F392C42AA0C0,Drill Chucks - Chuck Keys - More Taper Arbors,,,,Yes,0,,,,,No competitor prices — set manually
2026-09-04,D10505DA27F29766E3B769E5F6AB30BC47ADB26BCB848D6E7A16030E9C9A8062,Open End Hub Spanners,,,,Yes,0,,,,,No competitor prices — set manually
2026-09-04,D551A1FDF1A6FB644BCC96B152FCB1782A5610A4F7D0937938971C3BBC0702D7,Cutting Pliers,,,,Yes,0,,,,,No competitor prices — set manually
2026-09-04,DBECD2093EBA52ECD418423C7FFDC40BD78E87A21B98256D65ADA96A2D3C35B1,Cordless Screwdriver,,,,Yes,0,,,,,No competitor prices — set manually
2026-09-04,DD-1000,Drill Doctor 1000 Drill Bit Sharpener,369,No,,,1,369,369,369,369,Matched Total Tools $369 (ST not listed)
2026-09-04,DD-500X,Drill Doctor 500X Drill Bit Sharpener,199,Yes,,,1,199,199,199,199,Matched Total Tools $199 (ST not listed)
2026-09-04,DD-750X,Drill Doctor 750X Drill Bit Sharpener,299,Yes,,,1,299,299,299,299,Matched Total Tools $299 (ST not listed)
2026-09-04,DDAA87BFA63289B478F010B35961DD7EEB30BEEED38A0FAE2D53AF16127EAD36,Tool Cases,,,,Yes,0,,,,,No competitor prices — set manually
2026-09-04,E2C57F302F8DD566A43F10A5813481D3B98EBCF6,Spray Gun,,,100,Yes,1,100,100,100,100,Matched Sydney Tools $100 (TT not listed)
2026-09-04,E506FE4F4D75C4C0C91B1BACE21D33F8F9164904845A7248929E63C5ABEEBEB0,Tool Combination Kits,,,,Yes,0,,,,,No competitor prices — set manually
2026-09-04,E61510271296D92329DD739D63F1B0BF1A5274CCA17C4C51E49E2FBBD23810FE,Nut Driver Set,,,,Yes,0,,,,,No competitor prices — set manually
2026-09-04,EC-BC10,EHOMA 250mm x 115mm 1200kg General Purpose C Clamp EC-BC10,149,Yes,,,1,149,149,149,149,Matched Total Tools $149 (ST not listed)
2026-09-04,EC-BC12,EHOMA 300mm x 125mm 1500kg General Purpose C Clamp EC-BC12,229,Yes,,,1,229,229,229,229,Matched Total Tools $229 (ST not listed)
2026-09-04,EC-BC4,EHOMA 100mm x 50mm 900kg General Purpose C Clamp EC-BC4,115,Yes,,,1,115,115,115,115,Matched Total Tools $115 (ST not listed)
2026-09-04,EC-BC6,EHOMA 150mm x 75mm 1000kg General Purpose C Clamp EC-BC6,135,Yes,,,1,135,135,135,135,Matched Total Tools $135 (ST not listed)
2026-09-04,EC-BC8,EHOMA 200mm x 100mm 1000kg General Purpose C Clamp EC-BC8,165,Yes,,,1,165,165,165,165,Matched Total Tools $165 (ST not listed)
2026-09-04,EC-CT-2,EHOMA 50 x 50mm Heavy Duty C Clamp EC-CT-2,79.95,Yes,,,1,79.95,79.95,79.95,79.95,Matched Total Tools $79.95 (ST not listed)
2026-09-04,EC-CT-6,EHOMA 150 x 75mm Heavy Duty C Clamp EC-CT-6,145,Yes,,,1,145,145,145,145,Matched Total Tools $145 (ST not listed)
2026-09-04,EC-CT-8,EHOMA 200 x 90mm Heavy Duty C Clamp EC-CT-8,199,Yes,,,1,199,199,199,199,Matched Total Tools $199 (ST not listed)
2026-09-04,EC-G16CS,EHOMA 160mm x 80mm 300kg General Purpose F Clamp EC-G16CS,46,Yes,,,1,46,46,46,46,Matched Total Tools $46 (ST not listed)
2026-09-04,EC-G20CS,EHOMA 200mm x 100mm 450kg General Purpose F Clamp EC-G20CS,59,Yes,,,1,59,59,59,59,Matched Total Tools $59 (ST not listed)
2026-09-04,EC-G20L,EHOMA 200 x 100mm Quick Action Lever F Clamp EC-G20L,125,Yes,,,1,125,125,125,125,Matched Total Tools $125 (ST not listed)
2026-09-04,EC-G25CS,EHOMA 250mm x 120mm 550kg General Purpose F Clamp EC-G25CS,72,Yes,,,1,72,72,72,72,Matched Total Tools $72 (ST not listed)
2026-09-04,EC-G30CS,EHOMA 300mm x 140mm 670kg General Purpose F Clamp EC-G30CS,97,Yes,,,1,97,97,97,97,Matched Total Tools $97 (ST not listed)
2026-09-04,EC-G30L,EHOMA 300 x 140mm Quick Action Lever Clamp EC-G30L,165,Yes,,,1,165,165,165,165,Matched Total Tools $165 (ST not listed)
2026-09-04,EC-G30R,EHOMA 300mm x 140mm 670kg Soft Grip Handle Ratchet F Clamp EC-G30R,105,Yes,,,1,105,105,105,105,Matched Total Tools $105 (ST not listed)
2026-09-04,EC-G40CS,EHOMA 400mm x 175mm 1000kg General Purpose F Clamp EC-G40CS,120,Yes,,,1,120,120,120,120,Matched Total Tools $120 (ST not listed)
2026-09-04,EC-G40R,EHOMA 400mm x 175mm 700kg Soft Grip Handle Ratchet F Clamp EC-G40R,135,Yes,,,1,135,135,135,135,Matched Total Tools $135 (ST not listed)
2026-09-04,EC-G50L,EHOMA 500mm x 120mm 550kg Quick Action Lever Clamp EC-G50L,209,Yes,,,1,209,209,209,209,Matched Total Tools $209 (ST not listed)
2026-09-04,EC-G60CS,EHOMA 600mm x 175mm 1000kg General Purpose F Clamp EC-G60CS,136,Yes,,,1,136,136,136,136,Matched Total Tools $136 (ST not listed)
2026-09-04,EC-G60R,EHOMA 600mm x 175mm 700kg Soft Grip Handle Ratchet F Clamp EC-G60R,155,Yes,,,1,155,155,155,155,Matched Total Tools $155 (ST not listed)
2026-09-04,EC-G80CS,EHOMA 800x175mm General Purpose Forged Steel F Clamp EC-G80CS,179,Yes,,,1,179,179,179,179,Matched Total Tools $179 (ST not listed)
2026-09-04,EC-GS30C,EHOMA 300mm x 140mm 1200kg Heavy-Duty F Clamp EC-GS30C,186,Yes,,,1,186,186,186,186,Matched Total Tools $186 (ST not listed)
2026-09-04,EC-GS40C,EHOMA 400 x 120mm Heavy Duty F Clamp EC-GS40C,185,Yes,,,1,185,185,185,185,Matched Total Tools $185 (ST not listed)
2026-09-04,EC-GS50C,EHOMA 500mm x 140mm 1200kg Heavy-Duty F Clamp EC-GS50C,209,Yes,,,1,209,209,209,209,Matched Total Tools $209 (ST not listed)
2026-09-04,EC-PJ16,EHOMA 160mm x 80mm Parallel Jaw Clamp EC-PJ16,56.95,Yes,,,1,56.95,56.95,56.95,56.95,Matched Total Tools $56.95 (ST not listed)
2026-09-04,EC-PJ60,EHOMA 600mm x 80mm Parallel Jaw Clamp EC-PJ60,67.95,Yes,,,1,67.95,67.95,67.95,67.95,Matched Total Tools $67.95 (ST not listed)
2026-09-04,EC-PJH060,EHOMA 600mm x 125mm Premium Woodworkers Parallel Jaw Clam EC-PJH060,139,Yes,,,1,139,139,139,139,Matched Total Tools $139 (ST not listed)
2026-09-04,EC-PJH200,EHOMA 2000mm x 125mm Premium Parallel Jaw Clamp EC-PJH200,229,Yes,,,1,229,229,229,229,Matched Total Tools $229 (ST not listed)
2026-09-04,EC-REG20C,EHOMA 200 x 100mm Pivot Handle F Clamp EC-REG20C,105,Yes,,,1,105,105,105,105,Matched Total Tools $105 (ST not listed)
2026-09-04,EC-REG30C,EHOMA 300 x 140mm Pivot Handle F Clamp EC-REG30C,149,Yes,,,1,149,149,149,149,Matched Total Tools $149 (ST not listed)
2026-09-04,EC-SG40CS,EHOMA 400 x 120mm General Purpose F Clamp EC-SG40CS,109,Yes,,,1,109,109,109,109,Matched Total Tools $109 (ST not listed)
2026-09-04,EC-SG50CS,EHOMA 500mm x 120mm 750kg General Purpose F Clamp EC-SG50CS,129,Yes,,,1,129,129,129,129,Matched Total Tools $129 (ST not listed)
2026-09-04,EC-SG60CS,EHOMA 600 x 120mm General Purpose F Clamp EC-SG60CS,145,Yes,,,1,145,145,145,145,Matched Total Tools $145 (ST not listed)
2026-09-04,EC-SS40C,EHOMA 400mm x 175mm 2200kg Extra Heavy-Duty F Clamp EC-SS40C,365,Yes,,,1,365,365,365,365,Matched Total Tools $365 (ST not listed)
2026-09-04,EC-SS50C,EHOMA 500mm x 175mm Extra Heavy Duty Clamp EC-SS50C,395,Yes,,,1,395,395,395,395,Matched Total Tools $395 (ST not listed)
2026-09-04,EC-SS60C,EHOMA 600mm x 175mm 2200kgExtra Heavy-Duty F Clamp EC-SS60C,415,Yes,,,1,415,415,415,415,Matched Total Tools $415 (ST not listed)
2026-09-04,GROZ-0108,Cold Chisels,,,45,Yes,1,45,45,45,45,Matched Sydney Tools $45 (TT not listed)
2026-09-04,GROZ-0242,Vee Blocks,,,53,Yes,1,53,53,53,53,Matched Sydney Tools $53 (TT not listed)
2026-09-04,GROZ-0398,Tweezers,,,10,Yes,1,10,10,10,10,Matched Sydney Tools $10 (TT not listed)
2026-09-04,GROZ-0400,Die Holders,,,55,Yes,1,55,55,55,55,Matched Sydney Tools $55 (TT not listed)
2026-09-04,GROZ-0402,Hand Stamps,,,15,Yes,1,15,15,15,15,Matched Sydney Tools $15 (TT not listed)
2026-09-04,GROZ-0415,Screw Cutting Gauge,,,25,Yes,1,25,25,25,25,Matched Sydney Tools $25 (TT not listed)
2026-09-04,GROZ-0496,Coolant Mixers,,,60,No,1,60,60,60,60,Matched Sydney Tools $60 (TT not listed)
2026-09-04,GROZ-0584,Wheel Dressers,,,35,Yes,1,35,35,35,35,Matched Sydney Tools $35 (TT not listed)
2026-09-04,GROZ-0685,Drill Chucks - Chuck Keys - More Taper Arbors,,,65,Yes,1,65,65,65,65,Matched Sydney Tools $65 (TT not listed)
2026-09-04,GROZ-0723,Scribers,,,18,Yes,1,18,18,18,18,Matched Sydney Tools $18 (TT not listed)
2026-09-04,GROZ-0733,Tap Wrenches,,,22,Yes,1,22,22,22,22,Matched Sydney Tools $22 (TT not listed)
2026-09-04,GROZ-0773,Sash Clamp,,,20,Yes,1,20,20,20,20,Matched Sydney Tools $20 (TT not listed)
2026-09-04,GROZ-0790,Vernier Calipers,,,75,Yes,1,75,75,75,75,Matched Sydney Tools $75 (TT not listed)
2026-09-04,GROZ-0817,"Tape Measures, Squares & Levels",,,40,Yes,1,40,40,40,40,Matched Sydney Tools $40 (TT not listed)
2026-09-04,GROZ-0838,Engineers Square,,,70,Yes,1,70,70,70,70,Matched Sydney Tools $70 (TT not listed)
2026-09-04,GROZ-0863,Wedges & Punches,,,28,Yes,1,28,28,28,28,Matched Sydney Tools $28 (TT not listed)
2026-09-04,GROZ-0868,Clamps,,,30,Yes,1,30,30,30,30,Matched Sydney Tools $30 (TT not listed)
2026-09-04,GROZ-0899,Mechanical Hand Tools & Accessories,,,85,Yes,1,85,85,85,85,Matched Sydney Tools $85 (TT not listed)
2026-09-04,GROZ-0916,Wrenches,,,45,No,1,45,45,45,45,Matched Sydney Tools $45 (TT not listed)
2026-09-04,GROZ-0920,Chisels & Files,,,50,Yes,1,50,50,50,50,Matched Sydney Tools $50 (TT not listed)
2026-09-04,GROZ-0924,Precision Measuring Tools,,,90,No,1,90,90,90,90,Matched Sydney Tools $90 (TT not listed)
2026-09-04,GROZ-1176,Tool Combination Kits,,,120,No,1,120,120,120,120,Matched Sydney Tools $120 (TT not listed)
2026-09-04,GZ-01007,GROZ 300mm SS/A/12 Precision Engineers Square,255,Yes,,,1,255,255,255,255,Matched Total Tools $255 (ST not listed)
2026-09-04,GZ-26108,GROZ 12mm LP/12 Letter Punch Set,365,Yes,,,1,365,365,365,365,Matched Total Tools $365 (ST not listed)
2026-09-04,GZ-33003,GROZ Punch & Cold Chisel Set - 24 Piece,255,Yes,,,1,255,255,255,255,Matched Total Tools $255 (ST not listed)
2026-09-04,GZ-35120,GROZ 75mm Drill Press Vice,135,Yes,,,1,135,135,135,135,Matched Total Tools $135 (ST not listed)
2026-09-04,GZ-35121,GROZ 100mm Drill Press Vice,155,Yes,,,1,155,155,155,155,Matched Total Tools $155 (ST not listed)
2026-09-04,GZ-35122,GROZ 125mm Drill Press Vice,239,Yes,,,1,239,239,239,239,Matched Total Tools $239 (ST not listed)
2026-09-04,GZ-35125,GROZ 100mm Drill Press Vice,215,Yes,,,1,215,215,215,215,Matched Total Tools $215 (ST not listed)
2026-09-04,GZ-39100,GROZ 750mm Capacity T-Bar Sash Clamp - Steel Bar,115,Yes,,,1,115,115,115,115,Matched Total Tools $115 (ST not listed)
2026-09-04,GZ-39101,GROZ 1050mm Capacity T-Bar Sash Clamp - Steel Bar,135,Yes,,,1,135,135,135,135,Matched Total Tools $135 (ST not listed)
2026-09-04,GZ-39102,GROZ 1350mm Capacity T-Bar Sash Clamp - Steel Bar,155,Yes,,,1,155,155,155,155,Matched Total Tools $155 (ST not listed)
2026-09-04,GZ-39103,GROZ 1650mm Capacity T-Bar Sash Clamp - Steel Bar,190,Yes,,,1,190,190,190,190,Matched Total Tools $190 (ST not listed)
2026-09-04,GZ-39110,GROZ 450mm Capacity Sash Clamp - Steel Bar,56.95,Yes,,,1,56.95,56.95,56.95,56.95,Matched Total Tools $56.95 (ST not listed)
2026-09-04,GZ-39111,GROZ 600mm Capacity Sash Clamp - Steel Bar,59.95,Yes,,,1,59.95,59.95,59.95,59.95,Matched Total Tools $59.95 (ST not listed)
2026-09-04,GZ-39112,GROZ 750mm Capacity Sash Clamp - Steel Bar,72.95,Yes,,,1,72.95,72.95,72.95,72.95,Matched Total Tools $72.95 (ST not listed)
2026-09-04,GZ-39113,GROZ 900mm Capacity Sash Clamp - Steel Bar,82.95,Yes,,,1,82.95,82.95,82.95,82.95,Matched Total Tools $82.95 (ST not listed)
2026-09-04,GZ-39114,GROZ 1050mm Capacity Sash Clamp - Steel Bar,88.95,Yes,,,1,88.95,88.95,88.95,88.95,Matched Total Tools $88.95 (ST not listed)
2026-09-04,GZ-39115,GROZ 1200mm Capacity Sash Clamp - Steel Bar,97.95,Yes,,,1,97.95,97.95,97.95,97.95,Matched Total Tools $97.95 (ST not listed)
2026-09-04,GZ-39120,GROZ Clamp Cramp Head,82.95,Yes,,,1,82.95,82.95,82.95,82.95,Matched Total Tools $82.95 (ST not listed)
2026-09-04,HM-P35ADATEX,"Holemaker HMP35AD-ATEX 35mm Dia X 25mm Cap Air 35, Fully Atex 11 Certified (Pneumatic) Magnetic Base Angle Drill - MADE IN EUROPE",,,13999,Yes,1,13999,13999,13999,13999,Matched Sydney Tools $13999 (TT not listed)
2026-09-04,HM-P45ATEX,"Holemaker HMP45-ATEX 45mm Dia X 52mm Cap 2mt Air 45, Fully Atex 11 Certified (Pneumatic) Magnetic Base Drill - MADE IN EUROPE",,,15999,Yes,1,15999,15999,15999,15999,Matched Sydney Tools $15999 (TT not listed)
2026-09-04,HM-PRO200A,Holemaker HM-PRO200A 200mm Dia Cap 5mt Air 200 (Pneumatic) Magnetic Base Drill - MADE IN EUROPE,,,,No,0,,,,,No competitor prices — set manually
2026-09-04,HM-PRO200H,"Holemaker HM-PRO200H 200mm Dia Cap 5mt Hyd 200, (Hydraulic) Magnetic Base Drill - MADE IN EUROPE",,,,No,0,,,,,No competitor prices — set manually
2026-09-04,HM-PRO3518VK1,Holemaker HMPRO35-18VK1 18V 4.0Ah Li-ion Cordless Brushless 35mm x 52mm Magnetic Base Drill Combo Kit - MADE IN EUROPE,,,2899,Yes,1,2899,2899,2899,2899,Matched Sydney Tools $2899 (TT not listed)
2026-09-04,HM-PRO35AUTO,Holemaker HMPRO35AUTO 240v 35mm Dia x 52mm Cap (Auto Feed) Magnetic Base Drill - MADE IN EUROPE,,,3980,Yes,1,3980,3980,3980,3980,Matched Sydney Tools $3980 (TT not listed)
2026-09-04,HM-PRO35K1,Holemaker HMPRO35K1 920W 35mm Single Phase Magnetic Base Drill - MADE IN EUROPE,,,1299,Yes,1,1299,1299,1299,1299,Matched Sydney Tools $1299 (TT not listed)
2026-09-04,HM-PRO35MS,Holemaker HMPRO35-MS 1000W 35mm Magnetic Base Drill with Swivel Magnetic Base for Pipe Drilling - MADE IN EUROPE,,,3299,Yes,1,3299,3299,3299,3299,Matched Sydney Tools $3299 (TT not listed)
2026-09-04,HM-PRO35PM,Holemaker HMPRO35-PM 1000W 35mm Magnetic Base Drill with Permanent Magnet System - MADE IN EUROPE,,,2949,Yes,1,2949,2949,2949,2949,Matched Sydney Tools $2949 (TT not listed)
2026-09-04,HM-PRO35T3,Holemaker HMPRO35-T3 1000W 35mm Magnetic Base Drill with Special 3mm Minimum Wall Thickness Electromagnet - MADE IN EUROPE,,,2299,Yes,1,2299,2299,2299,2299,Matched Sydney Tools $2299 (TT not listed)
2026-09-04,HM-PRO36AD,Holemaker HMPRO36AD 240v 36mm Dia x 30mm Cap (Ad) Magnetic Base Drill - MADE IN EUROPE,,,2799,Yes,1,2799,2799,2799,2799,Matched Sydney Tools $2799 (TT not listed)
2026-09-04,HM-PRO42K1,Holemaker HMPRO42K1 1020W Single Phase Magnetic Base Drill with 5pce Cutter Set - MADE IN EUROPE,,,2049,Yes,1,2049,2049,2049,2049,Matched Sydney Tools $2049 (TT not listed)
2026-09-04,HM-PRO52MT2,Holemaker HMPRO52-MT2 1200W 52mm Magnetic Base Drill,,,3099,Yes,1,3099,3099,3099,3099,Matched Sydney Tools $3099 (TT not listed)
2026-09-04,HM-PRO65,Holemaker HMPRO65 1600W 65mm Magnetic Base Drill - MADE IN EUROPE,,,3199,Yes,1,3199,3199,3199,3199,Matched Sydney Tools $3199 (TT not listed)
2026-09-04,HM-SPECIAL110,Holemaker HMSPECIAL110 2150W 110mm Dia x 110mm Depth Magnetic Base Drill - MADE IN EUROPE,,,6449,Yes,1,6449,6449,6449,6449,Matched Sydney Tools $6449 (TT not listed)
2026-09-04,HM-SPECIAL140,Holemaker HMSPECIAL140 2150W 140mm Dia x 110mm Depth Magnetic Base Drill - MADE IN EUROPE,,,7449,Yes,1,7449,7449,7449,7449,Matched Sydney Tools $7449 (TT not listed)
2026-09-04,HM-SPECIAL60,Holemaker HMSPECIAL60 1500W 60mm Dia x 75mm Depth Magnetic Base Drill - MADE IN EUROPE,,,4849,Yes,1,4849,4849,4849,4849,Matched Sydney Tools $4849 (TT not listed)
2026-09-04,HM-SPECIAL80,Holemaker HMSPECIAL80 1500W 80mm Dia x 110mm Depth Magnetic Base Drill - MADE IN EUROPE,,,5399,Yes,1,5399,5399,5399,5399,Matched Sydney Tools $5399 (TT not listed)
2026-09-04,HMPRO35K1,HOLEMAKER Pro 35 Magnetic Base Drill with Bonus Cutter Set,1305,Yes,,,1,1305,1305,1305,1305,Matched Total Tools $1305 (ST not listed)
2026-09-04,HMPRO42K1,HOLEMAKER PRO42 42 X 52mm Magnetic Base Drill,2055,Yes,,,1,2055,2055,2055,2055,Matched Total Tools $2055 (ST not listed)
2026-09-04,Holemaker AS-25 25mm Silver Series Annular Cutters,Holemaker AS-25 25mm Silver Series Annular Cutters,,,66,Yes,1,66,66,66,66,Matched Sydney Tools $66 (TT not listed)
2026-09-04,Holemaker AS-50 50mm Silver Series Annular Cutter,Holemaker AS-50 50mm Silver Series Annular Cutter,,,86,Yes,1,86,86,86,86,Matched Sydney Tools $86 (TT not listed)
2026-09-04,Holemaker AS1550 15mm x 50mm Silver Series HSS Annular Cutter,Holemaker AS1550 15mm x 50mm Silver Series HSS Annular Cutter,,,92,Yes,1,92,92,92,92,Matched Sydney Tools $92 (TT not listed)
2026-09-04,Holemaker ASSET-A 5pce HSS Magnetic Drill Annular Cutter Set with 25mm Cutting Depth,Holemaker ASSET-A 5pce HSS Magnetic Drill Annular Cutter Set with 25mm Cutting Depth,,,437,Yes,1,437,437,437,437,Matched Sydney Tools $437 (TT not listed)
2026-09-04,Holemaker ASSET-Z 3pce HSS Magnetic Drill Annular Cutter Set with 25mm Cutting Depth,Holemaker ASSET-Z 3pce HSS Magnetic Drill Annular Cutter Set with 25mm Cutting Depth,,,254,Yes,1,254,254,254,254,Matched Sydney Tools $254 (TT not listed)
2026-09-04,"Holemaker HMDT08 6.8mm x 110mm 3/4"" Universal Shank Combination Drill Tap","Holemaker HMDT08 6.8mm x 110mm 3/4"" Universal Shank Combination Drill Tap",,,109,Yes,1,109,109,109,109,Matched Sydney Tools $109 (TT not listed)
2026-09-04,"Holemaker HMDT10 8.5mm x 113mm 3/4"" Universal Shank Combination Drill Tap","Holemaker HMDT10 8.5mm x 113mm 3/4"" Universal Shank Combination Drill Tap",,,125,Yes,1,125,125,125,125,Matched Sydney Tools $125 (TT not listed)
2026-09-04,"Holemaker HMDT12 10.2mm x 117mm 3/4"" Universal Shank Combination Drill Tap","Holemaker HMDT12 10.2mm x 117mm 3/4"" Universal Shank Combination Drill Tap",,,145,Yes,1,145,145,145,145,Matched Sydney Tools $145 (TT not listed)
2026-09-04,"Holemaker HMDT14 12mm x 117mm 3/4"" Universal Shank Combination Drill Tap","Holemaker HMDT14 12mm x 117mm 3/4"" Universal Shank Combination Drill Tap",,,139,Yes,1,139,139,139,139,Matched Sydney Tools $139 (TT not listed)
2026-09-04,"Holemaker HMDT16 14mm x 117mm 3/4"" Universal Shank Combination Drill Tap","Holemaker HMDT16 14mm x 117mm 3/4"" Universal Shank Combination Drill Tap",,,139,Yes,1,139,139,139,139,Matched Sydney Tools $139 (TT not listed)
2026-09-04,"Holemaker HMDT18 16.5mm x 130mm 3/4"" Universal Shank Combination Drill Tap","Holemaker HMDT18 16.5mm x 130mm 3/4"" Universal Shank Combination Drill Tap",,,139,Yes,1,139,139,139,139,Matched Sydney Tools $139 (TT not listed)
2026-09-04,"Holemaker HMDT20 17.5mm x 135mm 3/4"" Universal Shank Combination Drill Tap","Holemaker HMDT20 17.5mm x 135mm 3/4"" Universal Shank Combination Drill Tap",,,142,Yes,1,142,142,142,142,Matched Sydney Tools $142 (TT not listed)
2026-09-04,"Holemaker HMDT22 19.5mm x 135mm 3/4"" Universal Shank Combination Drill Tap","Holemaker HMDT22 19.5mm x 135mm 3/4"" Universal Shank Combination Drill Tap",,,159,Yes,1,159,159,159,159,Matched Sydney Tools $159 (TT not listed)
2026-09-04,"Holemaker HMDT24 21.5mm x 148mm 3/4"" Universal Shank Combination Drill Tap","Holemaker HMDT24 21.5mm x 148mm 3/4"" Universal Shank Combination Drill Tap",,,190,Yes,1,190,190,190,190,Matched Sydney Tools $190 (TT not listed)
2026-09-04,"Holemaker HMDT27 24mm x 155mm 3/4"" Universal Shank Combination Drill Tap","Holemaker HMDT27 24mm x 155mm 3/4"" Universal Shank Combination Drill Tap",,,229,Yes,1,229,229,229,229,Matched Sydney Tools $229 (TT not listed)
2026-09-04,"Holemaker HMDT30 26.5mm x 169mm 3/4"" Universal Shank Combination Drill Tap","Holemaker HMDT30 26.5mm x 169mm 3/4"" Universal Shank Combination Drill Tap",,,260,Yes,1,260,260,260,260,Matched Sydney Tools $260 (TT not listed)
2026-09-04,ITM K1720HFD 750W Pedestal Drill Press,ITM K1720HFD 750W Pedestal Drill Press,,,1610,Yes,1,1610,1610,1610,1610,Matched Sydney Tools $1610 (TT not listed)
2026-09-04,ITM K2532-1 1200W Pedestal Drill Press,ITM K2532-1 1200W Pedestal Drill Press,,,2560,Yes,1,2560,2560,2560,2560,Matched Sydney Tools $2560 (TT not listed)
2026-09-04,ITM TD0813 250W Pedestal Drill Press,ITM TD0813 250W Pedestal Drill Press,,,269,Yes,1,269,269,269,269,Matched Sydney Tools $269 (TT not listed)
2026-09-04,ITM TD1013 375W Pedestal Drill Press,ITM TD1013 375W Pedestal Drill Press,,,395,Yes,1,395,395,395,395,Matched Sydney Tools $395 (TT not listed)
2026-09-04,ITM TD1316 375W Pedestal Drill Press,ITM TD1316 375W Pedestal Drill Press,,,569,Yes,1,569,569,569,569,Matched Sydney Tools $569 (TT not listed)
2026-09-04,ITM TD1316F 550W Pedestal Drill Press,ITM TD1316F 550W Pedestal Drill Press,,,634,Yes,1,634,634,634,634,Matched Sydney Tools $634 (TT not listed)
2026-09-04,ITM TD1416 450W Pedestal Drill Press,ITM TD1416 450W Pedestal Drill Press,,,695,Yes,1,695,695,695,695,Matched Sydney Tools $695 (TT not listed)
2026-09-04,ITM TD1416F 550W Pedestal Drill Press,ITM TD1416F 550W Pedestal Drill Press,,,755,Yes,1,755,755,755,755,Matched Sydney Tools $755 (TT not listed)
2026-09-04,ITM TD1420F 750W Pedestal Drill Press,ITM TD1420F 750W Pedestal Drill Press,,,775,Yes,1,775,775,775,775,Matched Sydney Tools $775 (TT not listed)
2026-09-04,ITM TD1825F 1500W Pedestal Drill Press,ITM TD1825F 1500W Pedestal Drill Press,,,1239,Yes,1,1239,1239,1239,1239,Matched Sydney Tools $1239 (TT not listed)
2026-09-04,ITM TD2032F 1500W Pedestal Drill Press,ITM TD2032F 1500W Pedestal Drill Press,,,1499,Yes,1,1499,1499,1499,1499,Matched Sydney Tools $1499 (TT not listed)
2026-09-04,ITM TGD400-1 1120W Geared Head Drill - Single Phase,ITM TGD400-1 1120W Geared Head Drill - Single Phase,,,4399,Yes,1,4399,4399,4399,4399,Matched Sydney Tools $4399 (TT not listed)
2026-09-04,ITM TGD400-3 1120W Geared Head Drill - 3 Phase,ITM TGD400-3 1120W Geared Head Drill - 3 Phase,,,4399,Yes,1,4399,4399,4399,4399,Matched Sydney Tools $4399 (TT not listed)
2026-09-04,ITM TGMD400-1 1120W Geared Head Mill Drill with Coolant - Single Phase,ITM TGMD400-1 1120W Geared Head Mill Drill with Coolant - Single Phase,,,4629,Yes,1,4629,4629,4629,4629,Matched Sydney Tools $4629 (TT not listed)
2026-09-04,ITM TGMD400-3 1120W Geared Head Mill Drill with Coolant - 3 Phase,ITM TGMD400-3 1120W Geared Head Mill Drill with Coolant - 3 Phase,,,4629,Yes,1,4629,4629,4629,4629,Matched Sydney Tools $4629 (TT not listed)
2026-09-04,ITM TM098-100,ITM TM098-100 100mm Cast Iron Shop Bench Vice,,,182,Yes,1,182,182,182,182,Matched Sydney Tools $182 (TT not listed)
2026-09-04,ITM TM098-125,ITM TM098-125 125mm Cast Iron Shop Bench Vice,,,206,Yes,1,206,206,206,206,Matched Sydney Tools $206 (TT not listed)
2026-09-04,ITM TM098-150,ITM TM098-150 150mm Cast Iron Shop Bench Vice,,,275,Yes,1,275,275,275,275,Matched Sydney Tools $275 (TT not listed)
2026-09-04,ITM TM101-125,ITM TM101-125 125mm Multi Purpose Bench Vice,,,207,Yes,1,207,207,207,207,Matched Sydney Tools $207 (TT not listed)
2026-09-04,ITM TM101-126,ITM TM101-126 Replacement Jaws Suits TM101-125,,,34,Yes,1,34,34,34,34,Matched Sydney Tools $34 (TT not listed)
2026-09-04,ITM TM102-100,ITM TM102-100 100mm Straight Jaw Fabricated Steel Bench Vices,,,285,Yes,1,285,285,285,285,Matched Sydney Tools $285 (TT not listed)
2026-09-04,ITM TM102-125,ITM TM102-125 125mm Straight Jaw Fabricated Steel Bench Vices,,,485,Yes,1,485,485,485,485,Matched Sydney Tools $485 (TT not listed)
2026-09-04,ITM TM102-150,ITM TM102-150 150mm Straight Jaw Fabricated Steel Bench Vices,,,585,Yes,1,585,585,585,585,Matched Sydney Tools $585 (TT not listed)
2026-09-04,ITM TM102-200,ITM TM102-200 200mm Straight Jaw Fabricated Steel Bench Vices,,,1060,Yes,1,1060,1060,1060,1060,Matched Sydney Tools $1060 (TT not listed)
2026-09-04,ITM TM104-100,ITM TM104-100 100mm Offset Jaw Fabricated Steel Bench Vice,,,299,Yes,1,299,299,299,299,Matched Sydney Tools $299 (TT not listed)
2026-09-04,ITM TM104-125,ITM TM104-125 125mm Offset Jaw Fabricated Steel Bench Vice,,,588,Yes,1,588,588,588,588,Matched Sydney Tools $588 (TT not listed)
2026-09-04,ITM TM104-150,"ITM TM104-150 150mm (6"") Heavy Duty Bench Vice",,,436,Yes,1,436,436,436,436,Matched Sydney Tools $436 (TT not listed)
2026-09-04,ITM TM104-200,ITM TM104-200 200mm Offset Jaw Fabricated Steel Bench Vice,,,1038,Yes,1,1038,1038,1038,1038,Matched Sydney Tools $1038 (TT not listed)
2026-09-04,ITM TM113-150,ITM TM113-150 150mm Jaw Width Cast Iron Two Bar Hitch Vice,,,269,Yes,1,269,269,269,269,Matched Sydney Tools $269 (TT not listed)
2026-09-04,ITM TM114-068,ITM TM114-068 8mm - 68mm Hinged Pipe Vice,,,105,Yes,1,105,105,105,105,Matched Sydney Tools $105 (TT not listed)
2026-09-04,ITM TM114-078,ITM TM114-078 8mm - 78mm Hinged Pipe Vice,,,168,Yes,1,168,168,168,168,Matched Sydney Tools $168 (TT not listed)
2026-09-04,ITM TM114-120,ITM TM114-120 13mm - 120mm Hinged Pipe Vice,,,305,Yes,1,305,305,305,305,Matched Sydney Tools $305 (TT not listed)
2026-09-04,ITM TM115-100,ITM TM115-100 30mm - 100mm Chain Pipe Vice,,,158,Yes,1,158,158,158,158,Matched Sydney Tools $158 (TT not listed)
2026-09-04,ITM TM115-160,ITM TM115-160 40mm - 160mm Chain Pipe Vice,,,320,Yes,1,320,320,320,320,Matched Sydney Tools $320 (TT not listed)
2026-09-04,ITM TM115-230,ITM TM115-230 40mm - 230mm Chain Pipe Vice,,,454,Yes,1,454,454,454,454,Matched Sydney Tools $454 (TT not listed)
2026-09-04,ITM TM117-180,ITM TM117-180 175mm Economy Cast Iron Woodworking Vice,,,97,Yes,1,97,97,97,97,Matched Sydney Tools $97 (TT not listed)
2026-09-04,ITM TM117-230,ITM TM117-230 230mm Economy Cast Iron Woodworking Vice,,,162,Yes,1,162,162,162,162,Matched Sydney Tools $162 (TT not listed)
2026-09-04,ITM TM118-180,ITM TM118-180 175mm Premium Cast Iron Woodworking Vice,,,212,Yes,1,212,212,212,212,Matched Sydney Tools $212 (TT not listed)
2026-09-04,ITM TM118-230,ITM TM118-230 230mm Premium Cast Iron Woodworking Vice,,,269,Yes,1,269,269,269,269,Matched Sydney Tools $269 (TT not listed)
2026-09-04,ITM TM119-180,ITM TM119-180 175mm Premium Quick Action Cast Iron Woodworking Vice,,,232,Yes,1,232,232,232,232,Matched Sydney Tools $232 (TT not listed)
2026-09-04,ITM TM119-230,ITM TM119-230 230mm Premium Quick Action Cast Iron Woodworking Vice,,,330,Yes,1,330,330,330,330,Matched Sydney Tools $330 (TT not listed)
2026-09-04,ITM TM121-100,ITM TM121-100 100mm Aluminium Prism Face Soft Vice Jaws Magnetic,,,25,Yes,1,25,25,25,25,Matched Sydney Tools $25 (TT not listed)
2026-09-04,ITM TM121-125,ITM TM121-125 125mm Aluminium Prism Face Soft Vice Jaws Magnetic,,,29.5,Yes,1,29.5,29.5,29.5,29.5,Matched Sydney Tools $29.5 (TT not listed)
2026-09-04,ITM TM121-150,ITM TM121-150 150mm Aluminium Prism Face Soft Vice Jaws Magnetic,,,36,Yes,1,36,36,36,36,Matched Sydney Tools $36 (TT not listed)
2026-09-04,ITM TM123-100,ITM TM123-100 100mm Rubber Face Soft Vice Jaws Magnetic,,,25,Yes,1,25,25,25,25,Matched Sydney Tools $25 (TT not listed)
2026-09-04,ITM TM123-125,ITM TM123-125 125mm Rubber Face Soft Vice Jaws Magnetic,,,29.5,Yes,1,29.5,29.5,29.5,29.5,Matched Sydney Tools $29.5 (TT not listed)
2026-09-04,ITM TM123-150,ITM TM123-150 150mm Rubber Face Soft Vice Jaws Magnetic,,,36,Yes,1,36,36,36,36,Matched Sydney Tools $36 (TT not listed)
2026-09-04,ITM TM650-002,ITM TM650-002 90mm 25kg Multi-Angle Welding Magnet,,,12.5,Yes,1,12.5,12.5,12.5,12.5,Matched Sydney Tools $12.5 (TT not listed)
2026-09-04,ITM TM650-004,ITM TM650-004 100mm 35kg Multi-Angle Welding Magnet,,,35.5,Yes,1,35.5,35.5,35.5,35.5,Matched Sydney Tools $35.5 (TT not listed)
2026-09-04,ITM TM650-010,ITM TM650-010 2-Pack 60mm 15kg Multi-Angle Welding Magnet,,,38.5,Yes,1,38.5,38.5,38.5,38.5,Matched Sydney Tools $38.5 (TT not listed)
2026-09-04,ITM TM650-012,ITM TM650-012 110mm 40kg Multi-Angle Welding Magnet,,,49,Yes,1,49,49,49,49,Matched Sydney Tools $49 (TT not listed)
2026-09-04,ITM TM650-014,ITM TM650-014 150mm 55kg Multi-Angle Welding Magnet,,,75,Yes,1,75,75,75,75,Matched Sydney Tools $75 (TT not listed)
2026-09-04,ITM TM650-020,ITM TM650-020 110mm 30kg Switchable Welding Magnet,,,87,Yes,1,87,87,87,87,Matched Sydney Tools $87 (TT not listed)
2026-09-04,ITM TM650-022,ITM TM650-022 150mm 55kg Switchable Welding Magnet,,,129,Yes,1,129,129,129,129,Matched Sydney Tools $129 (TT not listed)
2026-09-04,ITM TM650-024,ITM TM650-024 110mm 30kg Switchable Multi Angle Welding Clamp,,,87,Yes,1,87,87,87,87,Matched Sydney Tools $87 (TT not listed)
2026-09-04,ITM TM650-030,ITM TM650-030 2-Pack 84mm 30kg Inside & Outside Welding Magnet,,,55,Yes,1,55,55,55,55,Matched Sydney Tools $55 (TT not listed)
2026-09-04,ITM TM650-032,ITM TM650-032 110mm 35kg Inside & Outside Welding Magnet,,,95,Yes,1,95,95,95,95,Matched Sydney Tools $95 (TT not listed)
2026-09-04,ITM TM650-034,ITM TM650-034 95mm 17kg Inside & Outside Welding Magnet,,,75,Yes,1,75,75,75,75,Matched Sydney Tools $75 (TT not listed)
2026-09-04,ITM TM650-040,ITM TM650-040 105mm 22kg Inside & Outside Adjustable Angle Welding Magnet,,,55,Yes,1,55,55,55,55,Matched Sydney Tools $55 (TT not listed)
2026-09-04,ITM TM650-042,ITM TM650-042 130mm 35kg Inside & Outside Adjustable Angle Welding Magnet,,,65,Yes,1,65,65,65,65,Matched Sydney Tools $65 (TT not listed)
2026-09-04,ITM TM650-050,ITM TM650-050 86mm 30kg Magnetic Earth Clamp,,,32.5,Yes,1,32.5,32.5,32.5,32.5,Matched Sydney Tools $32.5 (TT not listed)
2026-09-04,ITM TM822-02000,ITM TM822-02000 2000kg Hydraulic Bottle Jack,,,72,Yes,1,72,72,72,72,Matched Sydney Tools $72 (TT not listed)
2026-09-04,ITM TM822-04000,ITM TM822-04000 4000kg Hydraulic Bottle Jack,,,82,Yes,1,82,82,82,82,Matched Sydney Tools $82 (TT not listed)
2026-09-04,ITM TM822-06000,ITM TM822-06000 6000kg Hydraulic Bottle Jack,,,92,Yes,1,92,92,92,92,Matched Sydney Tools $92 (TT not listed)
2026-09-04,ITM TM822-08000,ITM TM822-08000 8000kg Hydraulic Bottle Jack,,,114,Yes,1,114,114,114,114,Matched Sydney Tools $114 (TT not listed)
2026-09-04,ITM TM822-10000,"ITM TM822-10000 10,000kg Hydraulic Bottle Jack",,,124,Yes,1,124,124,124,124,Matched Sydney Tools $124 (TT not listed)
2026-09-04,ITM TM822-15000,"ITM TM822-15000 15,000kg Hydraulic Bottle Jack",,,144,Yes,1,144,144,144,144,Matched Sydney Tools $144 (TT not listed)
2026-09-04,ITM TM822-20000,"ITM TM822-20000 20,000kg Hydraulic Bottle Jack",,,206,Yes,1,206,206,206,206,Matched Sydney Tools $206 (TT not listed)
2026-09-04,ITM TM823-12000,"ITM TM823-12000 12,000kg Squat Hydraulic Bottle Jack",,,134,Yes,1,134,134,134,134,Matched Sydney Tools $134 (TT not listed)
2026-09-04,ITM TM823-20000,"ITM TM823-20000 20,000kg Squat Hydraulic Bottle Jack",,,166,Yes,1,166,166,166,166,Matched Sydney Tools $166 (TT not listed)
2026-09-04,ITM TM824-12000,"ITM TM824-12000 12,000kg Air Hydraulic Bottle Jack",,,310,Yes,1,310,310,310,310,Matched Sydney Tools $310 (TT not listed)
2026-09-04,ITM TM824-30000,"ITM TM824-30000 30,000kg Air Hydraulic Bottle Jack",,,466,Yes,1,466,466,466,466,Matched Sydney Tools $466 (TT not listed)
2026-09-04,ITM VDP102,ITM VDP102 105mm Drill Press Vice,,,86,Yes,1,86,86,86,86,Matched Sydney Tools $86 (TT not listed)
2026-09-04,ITM VDP150,ITM VDP150 150mm Drill Press Vice,,,136,Yes,1,136,136,136,136,Matched Sydney Tools $136 (TT not listed)
2026-09-04,LED-185,GROZ 3 in 1 WORKLIGHT,109,Yes,,,1,109,109,109,109,Matched Total Tools $109 (ST not listed)
2026-09-04,M7-GTW930,"M7 3/8"" 6.8-135NM Digital Torque Adapter M7-GTW930",179,Yes,,,1,179,179,179,179,Matched Total Tools $179 (ST not listed)
2026-09-04,M7-GTW940,"M7 1/2"" 10-200NM Digital Torque Adapter M7-GTW940",179,Yes,,,1,179,179,179,179,Matched Total Tools $179 (ST not listed)
2026-09-04,M7-MB65008M1,"M7 3/4"" 21-41mm Metric Deep Impact Socket Set - 8 Piece M7-MB65008M1",304,Yes,,,1,304,304,304,304,Matched Total Tools $304 (ST not listed)
2026-09-04,M7-NC4255QH,M7 1/2 Inch Air Impact Wrench M7-NC4255QH,549,Yes,,,1,549,549,549,549,Matched Total Tools $549 (ST not listed)
2026-09-04,M7-NC4299Q,"M7 1/2"" Pistol Style 800 FT/LB Air Impact Wrench M7-NC4299Q",329,Yes,,,1,329,329,329,329,Matched Total Tools $329 (ST not listed)
2026-09-04,M7-NC6236Q,"M7 3/4"" Air Impact Wrench M7-NC6236Q",869,Yes,,,1,869,869,869,869,Matched Total Tools $869 (ST not listed)
2026-09-04,M7-NC6255QH,"M7 3/4"" Air Impact Wrench Q-Series M7-NC6255QH",899,Yes,,,1,899,899,899,899,Matched Total Tools $899 (ST not listed)
2026-09-04,M7-NC6266,"M7 3/4"" DR Air Wrench Impact Pistol M7-NC6266",1199,Yes,,,1,1199,1199,1199,1199,Matched Total Tools $1199 (ST not listed)
2026-09-04,M7-NE443,"M7 1/2"" Drive 160rpm 100ft/lb Air Ratchet Wrench M7-NE443",309,Yes,,,1,309,309,309,309,Matched Total Tools $309 (ST not listed)
2026-09-04,M7-PA301,"M7 3/16"" Hydraulic Air Riveter M7-PA301",379,Yes,,,1,379,379,379,379,Matched Total Tools $379 (ST not listed)
2026-09-04,M7-QA211B,"M7 1/8"" & 1/4"" 190mm 20000rpm Air Grinder M7-QA211B",219,Yes,,,1,219,219,219,219,Matched Total Tools $219 (ST not listed)
2026-09-04,M7-QA241B,"M7 220mm Long 4000Rpm 1/4"" Collet Air Die Grinder M7-QA241B",329,Yes,,,1,329,329,329,329,Matched Total Tools $329 (ST not listed)
2026-09-04,M7-QA315B,"M7 1/4"" Air Die Grinder Extra Long M7-QA315B",349,Yes,,,1,349,349,349,349,Matched Total Tools $349 (ST not listed)
2026-09-04,M7-QA511,M7 Air Engraving Pen M7-QA511,285,Yes,,,1,285,285,285,285,Matched Total Tools $285 (ST not listed)
2026-09-04,M7-QA611B,"M7 1/8"" & 1/4"" 160mm 19000rpm Angle Head Air Grinder M7-QA611B",259,Yes,,,1,259,259,259,259,Matched Total Tools $259 (ST not listed)
2026-09-04,M7-QA632A,M7 1/4inch 177mm 22000rpm Air Angle Grinder M7-QA632A,425,Yes,,,1,425,425,425,425,Matched Total Tools $425 (ST not listed)
2026-09-04,M7-QB135,M7 125mm Air Angle Grinder with Safety Lever Throttle & Side Handle M7-QB135,299,Yes,,,1,299,299,299,299,Matched Total Tools $299 (ST not listed)
2026-09-04,M7-QB322,M7 Air Belt Sander 20 X 520Mm M7-QB322,589,Yes,,,1,589,589,589,589,Matched Total Tools $589 (ST not listed)
2026-09-04,M7-QB49602,M7 150mm Random Orbital Air Sander M7-QB49602,219,Yes,,,1,219,219,219,219,Matched Total Tools $219 (ST not listed)
2026-09-04,M7-QB55602,M7 150mm Air Random Orbital Sander M7-QB55602,465,Yes,,,1,465,465,465,465,Matched Total Tools $465 (ST not listed)
2026-09-04,M7-QB7215M,M7 125mm Safety Lever Throttle Air Grinder M7-QB7215M,689,Yes,,,1,689,689,689,689,Matched Total Tools $689 (ST not listed)
2026-09-04,M7-QC213,M7 75mm 20000rpm Cut-Off Tool M7-QC213,219,Yes,,,1,219,219,219,219,Matched Total Tools $219 (ST not listed)
2026-09-04,M7-QD291N,M7 21 Pieces Air Saw And File Set M7-QD291N,389,Yes,,,1,389,389,389,389,Matched Total Tools $389 (ST not listed)
2026-09-04,M7-QE841,"M7 1/2"" Air Drill Reversible Q-Series Keyless M7-QE841",475,Yes,,,1,475,475,475,475,Matched Total Tools $475 (ST not listed)
2026-09-04,M7-QP212,"M7 2""/3"" 18000rpm High Speed Mini Air Sander M7-QP212",219,Yes,,,1,219,219,219,219,Matched Total Tools $219 (ST not listed)
2026-09-04,M7-SB423,M7 100mm Round Gauge 220psi 100cm Hose Truck Tyre Inflator M7-SB423,219,Yes,,,1,219,219,219,219,Matched Total Tools $219 (ST not listed)
2026-09-04,M7-SN1032,M7 Air Flux Chipper 13mm Square Shank M7-SN1032,399,Yes,,,1,399,399,399,399,Matched Total Tools $399 (ST not listed)
2026-09-04,M7-SN1268,M7 28mm 4600bpm Straight Style Air Needle Scaler M7-SN1268,585,Yes,,,1,585,585,585,585,Matched Total Tools $585 (ST not listed)
2026-09-04,M7-SN2110,M7 Air Needle Scaler Pistol Style 3700Bpm M7-SN2110,609,Yes,,,1,609,609,609,609,Matched Total Tools $609 (ST not listed)
2026-09-04,M7-TB450350N,"M7 1/2"" 2 Way 50-350NM/36.9-258.1 FT/LB Torque Wrench M7-TB450350N",304,Yes,,,1,304,304,304,304,Matched Total Tools $304 (ST not listed)
2026-09-04,M7-TB610060N,"M7 3/4"" 2 Way 100-600NM/75-440 FT/LB Torque Wrench M7-TB610060N",1270,Yes,,,1,1270,1270,1270,1270,Matched Total Tools $1270 (ST not listed)
2026-09-04,M7-TB620100N,"M7 3/4"" 2 Way 200-1000NM/150-740 FT/LB Torque Wrench M7-TB620100N",1622,Yes,,,1,1622,1622,1622,1622,Matched Total Tools $1622 (ST not listed)
2026-09-04,M7-TE450350N,"M7 1/2"" Microm 50-350NM/36.9-258.1 FT/LB Torque Wrench M7-TE450350N",244,Yes,,,1,244,244,244,244,Matched Total Tools $244 (ST not listed)
2026-09-04,M7QE831,M7 3/8inch Reversible Air Drill M7QE831,239,Yes,,,1,239,239,239,239,Matched Total Tools $239 (ST not listed)
2026-09-04,M7SC0517C,M7 Air Hammer Shank Kit 5pc M7SC0517C,269,Yes,,,1,269,269,269,269,Matched Total Tools $269 (ST not listed)
2026-09-04,M7SN1288,M7 Air Needle Scaler Straight 85Psi 5500Bl/Min 3X125Mm M7SN1288,359,Yes,,,1,359,359,359,359,Matched Total Tools $359 (ST not listed)
2026-09-04,S106-141G,STAR 2 Piece 1.4mm GRAVity Feed Paint Sprayer & 600ml Pot Kit S106-141G,219,Yes,,,1,219,219,219,219,Matched Total Tools $219 (ST not listed)
2026-09-04,S106-201G,STAR 600ml 2mm GRAVity Feed Paint Sprayer S106-201G,219,Yes,,,1,219,219,219,219,Matched Total Tools $219 (ST not listed)
2026-09-04,S14,ITM 350mm Cold Cut Saw with TCT Mild Steel Blade S14,966,Yes,,,1,966,966,966,966,Matched Total Tools $966 (ST not listed)
2026-09-04,S14-PROKIT,ITM 350mm Cold Cut Saw with TCT Mild Steel Blade and 110T Cermet Blade S14-PROKIT,1142,Yes,,,1,1142,1142,1142,1142,Matched Total Tools $1142 (ST not listed)
2026-09-04,S770-10QP,STAR 10 Litre Manual Pressure Pot Pro Air Spray Gun S770-10QP,1225,Yes,,,1,1225,1225,1225,1225,Matched Total Tools $1225 (ST not listed)
2026-09-04,S770-31S,STAR 1L 2mm Suction Feed Paint Sprayer S770-31S,219,Yes,,,1,219,219,219,219,Matched Total Tools $219 (ST not listed)
2026-09-04,SG-EVO106FG-014,STAR 1.4mm Professional EVO T Series GRAVity Feed Spray Gun SG-EVO106FG-014,445,Yes,,,1,445,445,445,445,Matched Total Tools $445 (ST not listed)
2026-09-04,SG-SMP106FG-018,STAR 1.8mm General Purpose SMP Series GRAVity Feed Spray Gun SG-SMP106FG-018,409,Yes,,,1,409,409,409,409,Matched Total Tools $409 (ST not listed)
2026-09-04,SG-SMP106FS-014,ITM 1L 1.4mm SMP Suction Feed Air Spray Gun & Pot SG-SMP106FS-014,439,Yes,,,1,439,439,439,439,Matched Total Tools $439 (ST not listed)
2026-09-04,SHID1030SF,"GROZ Sledge Hammer 10 Lb Hd / 30"" (Soft Face)",304,Yes,,,1,304,304,304,304,Matched Total Tools $304 (ST not listed)
2026-09-04,SHID1230SF,"GROZ Sledge Hammer 12 Lb Hd / 30"" (Soft Face)",340,Yes,,,1,340,340,340,340,Matched Total Tools $340 (ST not listed)
2026-09-04,SHID630SF,"GROZ Sledge Hammer 6 Lb Hd / 30"" (Soft Face)",260,Yes,,,1,260,260,260,260,Matched Total Tools $260 (ST not listed)
2026-09-04,SHID830SF,"GROZ Sledge Hammer 8 Lb Hd / 30"" (Soft Face)",274,Yes,,,1,274,274,274,274,Matched Total Tools $274 (ST not listed)
2026-09-04,SJ108,STAR 1.4mm General Purpose Suction Feed Touch Up Spray Gun SJ108,209,Yes,,,1,209,209,209,209,Matched Total Tools $209 (ST not listed)
2026-09-04,SP16003,HOLEMAKER 6.34 x 77mm Pilot Pin,24,Yes,,,1,24,24,24,24,Matched Total Tools $24 (ST not listed)
2026-09-04,SP16004,"HOLEMAKER 1/4"" x 102mm HSS Annular Cutter Pilot Pin",29.5,Yes,,,1,29.5,29.5,29.5,29.5,Matched Total Tools $29.5 (ST not listed)
2026-09-04,SPFLUID,HOLEMAKER 500ml Soluble Metal Working Fluid,24.95,Yes,,,1,24.95,24.95,24.95,24.95,Matched Total Tools $24.95 (ST not listed)
2026-09-04,SPFLUID5,HOLEMAKER 5L Cutting Fluid,149,Yes,,,1,149,149,149,149,Matched Total Tools $149 (ST not listed)
2026-09-04,SV106-G15,STAR 1.5mm H.V.L.P GRAVity Feed Paint Sprayer SV106-G15,469,Yes,,,1,469,469,469,469,Matched Total Tools $469 (ST not listed)
2026-09-04,TM098-100,ITM 100mm Cast Iron Shop Bench Vice TM098-100,195,Yes,,,1,195,195,195,195,Matched Total Tools $195 (ST not listed)
2026-09-04,TM098-125,ITM 125mm Shop Bench Vice Cast Iron TM098-125,215,Yes,,,1,215,215,215,215,Matched Total Tools $215 (ST not listed)
2026-09-04,TM098-150,ITM 150mm Shop Bench Vice Cast Iron TM098-150,289,Yes,,,1,289,289,289,289,Matched Total Tools $289 (ST not listed)
2026-09-04,TM098-200,ITM 200mm Shop Bench Vice Cast Iron TM098-200,305,Yes,,,1,305,305,305,305,Matched Total Tools $305 (ST not listed)
2026-09-04,TM101-125,ITM 125mm Multi-Purpose Bench Vice TM101-125,219,Yes,,,1,219,219,219,219,Matched Total Tools $219 (ST not listed)
2026-09-04,TM104-100,ITM 100mm Offset Fabricated Steel Bench Vice TM104-100,315,Yes,,,1,315,315,315,315,Matched Total Tools $315 (ST not listed)
2026-09-04,TM104-125,ITM 125mm Offset Fabricated Steel Bench Vice TM104-125,615,Yes,,,1,615,615,615,615,Matched Total Tools $615 (ST not listed)
2026-09-04,TM104-150,ITM 150mm Offset Fabricated Steel Bench Vice TM104-150,469,Yes,,,1,469,469,469,469,Matched Total Tools $469 (ST not listed)
2026-09-04,TM113-150,ITM 150mm Jaw Width Cast Iron Tow Bar Hitch Vice TM113-150,275,Yes,,,1,275,275,275,275,Matched Total Tools $275 (ST not listed)
2026-09-04,TM114-068,ITM 8-68mm Hinged Pipe Cast Iron Vice TM114-068,115,Yes,,,1,115,115,115,115,Matched Total Tools $115 (ST not listed)
2026-09-04,TM115-100,ITM Vice Pipe Chain 30-100mm Cast Bottom Screw TM115-100,159,Yes,,,1,159,159,159,159,Matched Total Tools $159 (ST not listed)
2026-09-04,TM115-160,ITM 40-160mm Chain Pipe Vice TM115-160,325,Yes,,,1,325,325,325,325,Matched Total Tools $325 (ST not listed)
2026-09-04,TM115-230,ITM 40-230mm Chain Pipe Vice TM115-230,455,Yes,,,1,455,455,455,455,Matched Total Tools $455 (ST not listed)
2026-09-04,TM117-180,ITM 175mm Economy Woodworking Vice TM117-180,96.95,Yes,,,1,96.95,96.95,96.95,96.95,Matched Total Tools $96.95 (ST not listed)
2026-09-04,TM119-180,ITM 175mm Quick Release Woodworking Vice TM119-180,219,Yes,,,1,219,219,219,219,Matched Total Tools $219 (ST not listed)
2026-09-04,TM120-100,ITM 100mm Aluminium Face Magnetic Soft Vice Jaws TM120-100,24.95,Yes,,,1,24.95,24.95,24.95,24.95,Matched Total Tools $24.95 (ST not listed)
2026-09-04,TM120-125,ITM 125mm Aluminium Face Magnetic Soft Vice Jaws TM120-125,29.95,Yes,,,1,29.95,29.95,29.95,29.95,Matched Total Tools $29.95 (ST not listed)
2026-09-04,TM120-150,ITM 150mm Aluminium Face Magnetic Soft Vice Jaws TM120-150,33.95,Yes,,,1,33.95,33.95,33.95,33.95,Matched Total Tools $33.95 (ST not listed)
2026-09-04,TM121-100,ITM 100mm Magnetic Soft Vice Jaws - Alumimium Prism Face TM121-100,23.95,Yes,,,1,23.95,23.95,23.95,23.95,Matched Total Tools $23.95 (ST not listed)
2026-09-04,TM121-125,ITM 125mm Magnetic Soft Vice Jaws - Alumimium Prism Face TM121-125,27.95,Yes,,,1,27.95,27.95,27.95,27.95,Matched Total Tools $27.95 (ST not listed)
2026-09-04,TM121-150,ITM 150mm Magnetic Soft Vice Jaws - Alumimium Prism Face TM121-150,32.95,Yes,,,1,32.95,32.95,32.95,32.95,Matched Total Tools $32.95 (ST not listed)
2026-09-04,TM122-100,ITM 100mm Magnetic Soft Vice Jaws - Fibre Face TM122-100,24.95,Yes,,,1,24.95,24.95,24.95,24.95,Matched Total Tools $24.95 (ST not listed)
2026-09-04,TM122-125,ITM 125mm Magnetic Soft Vice Jaws - Fibre Face TM122-125,29.95,Yes,,,1,29.95,29.95,29.95,29.95,Matched Total Tools $29.95 (ST not listed)
2026-09-04,TM122-150,ITM 150mm Magnetic Soft Vice Jaws - Fibre Face TM122-150,33.95,Yes,,,1,33.95,33.95,33.95,33.95,Matched Total Tools $33.95 (ST not listed)
2026-09-04,TM123-100,ITM 100mm Rubber Face Magnetic Soft Vice Jaws TM123-100,23.95,Yes,,,1,23.95,23.95,23.95,23.95,Matched Total Tools $23.95 (ST not listed)
2026-09-04,TM123-125,ITM 125mm Rubber Face Magnetic Soft Vice Jaws TM123-125,27.95,Yes,,,1,27.95,27.95,27.95,27.95,Matched Total Tools $27.95 (ST not listed)
2026-09-04,TM123-150,ITM 150mm Rubber Face Magnetic Soft Vice Jaws TM123-150,32.95,Yes,,,1,32.95,32.95,32.95,32.95,Matched Total Tools $32.95 (ST not listed)
2026-09-04,TM130-100,ITM 100mm Drill Press Cross Vice TM130-100,135,Yes,,,1,135,135,135,135,Matched Total Tools $135 (ST not listed)
2026-09-04,TM130-150,ITM 150mm Drill Press Cross Vice TM130-150,275,Yes,,,1,275,275,275,275,Matched Total Tools $275 (ST not listed)
2026-09-04,TM300-020,"ITM 10mm x 20m 1/4"" BSPM Retractable Air Hose Reel TM300-020",219,Yes,,,1,219,219,219,219,Matched Total Tools $219 (ST not listed)
2026-09-04,TM300-022,ITM 20m Hybrid Retractable Air Hose TM300-022,295,Yes,,,1,295,295,295,295,Matched Total Tools $295 (ST not listed)
2026-09-04,TM300-1100,ITM 100mm x 30M PVC Air Hose TM300-1100,189,Yes,,,1,189,189,189,189,Matched Total Tools $189 (ST not listed)
2026-09-04,TM300-120,ITM 10mm x 20M PVC Air Hose TM300-120,50.95,Yes,,,1,50.95,50.95,50.95,50.95,Matched Total Tools $50.95 (ST not listed)
2026-09-04,TM300-1200,ITM 10mm x 200M PVC Air Hose TM300-1200,375,Yes,,,1,375,375,375,375,Matched Total Tools $375 (ST not listed)
2026-09-04,TM300-130,ITM 10mm x 30M PVC Air Hose - NO FITTINGS TM300-130,77.95,Yes,,,1,77.95,77.95,77.95,77.95,Matched Total Tools $77.95 (ST not listed)
2026-09-04,TM300-210,ITM 10mm x 10M PVC With Couplers Air Hose TM300-210,42.95,Yes,,,1,42.95,42.95,42.95,42.95,Matched Total Tools $42.95 (ST not listed)
2026-09-04,TM300-22,ITM 10mm x 20M PVC With Couplers Air Hose TM300-22,67.95,Yes,,,1,67.95,67.95,67.95,67.95,Matched Total Tools $67.95 (ST not listed)
2026-09-04,TM300-230,ITM 20mm x 30M PVC With Couplers Air Hose TM300-230,89.95,Yes,,,1,89.95,89.95,89.95,89.95,Matched Total Tools $89.95 (ST not listed)
2026-09-04,TM340-001,ITM Tyre Inflator Gun Auto Style TM340-001,44.95,Yes,,,1,44.95,44.95,44.95,44.95,Matched Total Tools $44.95 (ST not listed)
2026-09-04,TM340-002,ITM Digital Tyre Inflator TM340-002,70.95,Yes,,,1,70.95,70.95,70.95,70.95,Matched Total Tools $70.95 (ST not listed)
2026-09-04,TM340-135,"ITM 1/2"" Drive 380Nm 7000rpm Pistol Grip Air Impact Wrench TM340-135",219,Yes,,,1,219,219,219,219,Matched Total Tools $219 (ST not listed)
2026-09-04,TM340-136,"ITM 1/2"" Drive 850Nm 6800rpm Pistol Grip Air Impact Wrench TM340-136",229,Yes,,,1,229,229,229,229,Matched Total Tools $229 (ST not listed)
2026-09-04,TM340-145,"ITM 3/4"" Drive 1200Nm 4200rpm Pistol Grip Air Impact Wrench TM340-145",519,Yes,,,1,519,519,519,519,Matched Total Tools $519 (ST not listed)
2026-09-04,TM340-312KIT5,ITM Air Die Grinder Kit TM340-312KIT5,195,Yes,,,1,195,195,195,195,Matched Total Tools $195 (ST not listed)
2026-09-04,TM340-802,ITM 16mm Stroke Air Hydraulic Riveter TM340-802,219,Yes,,,1,219,219,219,219,Matched Total Tools $219 (ST not listed)
2026-09-04,TM400-150,ITM 150mm 370W Bench Grinder TM400-150,280,Yes,,,1,280,280,280,280,Matched Total Tools $280 (ST not listed)
2026-09-04,TM403-016,ITM Bench Grinder Stand Suits 200mm & 250mm Grinders TM403-016,185,Yes,,,1,185,185,185,185,Matched Total Tools $185 (ST not listed)
2026-09-04,TM650-050,ITM 86mm Clamp Welding Magnet TM650-050,34.95,Yes,,,1,34.95,34.95,34.95,34.95,Matched Total Tools $34.95 (ST not listed)
2026-09-04,TM7000-050,"ITM 50mm 1/4"" Hex Shank Twist Knot Cup Steel Brush TM7000-050",20.5,Yes,,,1,20.5,20.5,20.5,20.5,Matched Total Tools $20.5 (ST not listed)
2026-09-04,TM7000-075,ITM 75mm Multi Thread Twist Knot Cup Steel Brush TM7000-075,32.5,Yes,,,1,32.5,32.5,32.5,32.5,Matched Total Tools $32.5 (ST not listed)
2026-09-04,TM7000-265,ITM 65mm Multi Thread Twist Knot Cup Stainless Steel Brush TM7000-265,42,Yes,,,1,42,42,42,42,Matched Total Tools $42 (ST not listed)
2026-09-04,TM7001-125,ITM 125mm Thread Twist Knot Cup Steel Brush w/ Band TM7001-125,108,Yes,,,1,108,108,108,108,Matched Total Tools $108 (ST not listed)
2026-09-04,TM7003-100,ITM 100mm Multi Thread Twist Knot Wheel Steel Brush TM7003-100,31.5,Yes,,,1,31.5,31.5,31.5,31.5,Matched Total Tools $31.5 (ST not listed)
2026-09-04,TM7003-125,ITM 125mm Multi Thread Twist Knot Wheel Steel Brush TM7003-125,34.5,Yes,,,1,34.5,34.5,34.5,34.5,Matched Total Tools $34.5 (ST not listed)
2026-09-04,TM7003-225,"ITM 125mm 22.2mm Thread Twist Knot Wheel Stainless Steel Brush w/ 5/8"" & 1/2"" Adaptors TM7003-225",76,Yes,,,1,76,76,76,76,Matched Total Tools $76 (ST not listed)
2026-09-04,TM7004-125,ITM 125mm 22.2mm Bore Twist Knot Pipeline Wheel Steel Brush TM7004-125,44,Yes,,,1,44,44,44,44,Matched Total Tools $44 (ST not listed)
2026-09-04,TM7004-225,ITM 125mm 22.2mm Bore Twist Knot Pipeline Wheel Stainless Steel Brush TM7004-225,62,Yes,,,1,62,62,62,62,Matched Total Tools $62 (ST not listed)
2026-09-04,TM7005-019,"ITM 19mm 1/4"" Round Shank Twist Knot End Steel Brush TM7005-019",24,Yes,,,1,24,24,24,24,Matched Total Tools $24 (ST not listed)
2026-09-04,TM7005-025,"ITM 25mm 1/4"" Round Shank Twist Knot End Steel Brush TM7005-025",30.5,Yes,,,1,30.5,30.5,30.5,30.5,Matched Total Tools $30.5 (ST not listed)
2026-09-04,TM7005-125,"ITM 25mm 1/4"" Round Shank Twist Knot End Stainless Steel Brush TM7005-125",35.5,Yes,,,1,35.5,35.5,35.5,35.5,Matched Total Tools $35.5 (ST not listed)
2026-09-04,TM7010-100,ITM 100mm Thread Crimp Wire Cup Steel Brush TM7010-100,40,Yes,,,1,40,40,40,40,Matched Total Tools $40 (ST not listed)
2026-09-04,TM7010-125,ITM 125mm Thread Crimp Wire Cup Steel Brush TM7010-125,46,Yes,,,1,46,46,46,46,Matched Total Tools $46 (ST not listed)
2026-09-04,TM7010-275,ITM 75mm Multi Thread Crimp Wire Cup Stainless Steel Brush TM7010-275,46,Yes,,,1,46,46,46,46,Matched Total Tools $46 (ST not listed)
2026-09-04,TM7012-125,ITM 125mm x 18mm Multi Bore Crimp Wire Wheel Steel Brush TM7012-125,31.5,Yes,,,1,31.5,31.5,31.5,31.5,Matched Total Tools $31.5 (ST not listed)
2026-09-04,TM7012-201,ITM 200mm x 25mm Multi Bore Crimp Wire Wheel Steel Brush TM7012-201,58,Yes,,,1,58,58,58,58,Matched Total Tools $58 (ST not listed)
2026-09-04,TM7013-025,"ITM 25mm 1/4"" Round Shank Crimp Wire End Steel Brush TM7013-025",15.5,Yes,,,1,15.5,15.5,15.5,15.5,Matched Total Tools $15.5 (ST not listed)
2026-09-04,TM7013-125,"ITM 25mm 1/4"" Round Shank Crimp Wire End Stainless Steel Brush TM7013-125",24,Yes,,,1,24,24,24,24,Matched Total Tools $24 (ST not listed)
2026-09-04,TM7014-025,"ITM 25mm x 6mm 1/4"" Round Shank Crimp Wire Wheel Steel Brush TM7014-025",9.7,Yes,,,1,9.7,9.7,9.7,9.7,Matched Total Tools $9.7 (ST not listed)
2026-09-04,TM7014-030,"ITM 30mm x 9mm 1/4"" Round Shank Crimp Wire Wheel Steel Brush TM7014-030",11.9,Yes,,,1,11.9,11.9,11.9,11.9,Matched Total Tools $11.9 (ST not listed)
2026-09-04,TM7014-040,"ITM 40mm x 11mm 1/4"" Round Shank Crimp Wire Wheel Steel Brush TM7014-040",14,Yes,,,1,14,14,14,14,Matched Total Tools $14 (ST not listed)
2026-09-04,TM7014-050,"ITM 50mm x 10mm 1/4"" Round Shank Crimp Wire Wheel Steel Brush TM7014-050",15.5,Yes,,,1,15.5,15.5,15.5,15.5,Matched Total Tools $15.5 (ST not listed)
2026-09-04,TM7014-075,"ITM 75mm x 18mm 1/4"" Round Shank Crimp Wire Wheel Steel Brush TM7014-075",20.5,Yes,,,1,20.5,20.5,20.5,20.5,Matched Total Tools $20.5 (ST not listed)
2026-09-04,TM7014-150,"ITM 50mm x 17mm 1/4"" Round Shank Crimp Wire Wheel Stainless Steel Brush TM7014-150",28.5,Yes,,,1,28.5,28.5,28.5,28.5,Matched Total Tools $28.5 (ST not listed)
2026-09-04,TM7014-175,"ITM 75mm x 18mm 1/4"" Round Shank Crimp Wire Wheel Stainless Steel Brush TM7014-175",31.5,Yes,,,1,31.5,31.5,31.5,31.5,Matched Total Tools $31.5 (ST not listed)
2026-09-04,TM7021-025,"ITM 25mm 1/4"" Hex Shank Crimp Wire Spindle Mounted End Brush TM7021-025",8.6,Yes,,,1,8.6,8.6,8.6,8.6,Matched Total Tools $8.6 (ST not listed)
2026-09-04,TM7021-050,"ITM 50mm 1/4"" Hex Shank Crimp Wire Spindle Mounted End Brush TM7021-050",10.9,Yes,,,1,10.9,10.9,10.9,10.9,Matched Total Tools $10.9 (ST not listed)
2026-09-04,TM7021-065,"ITM 65mm 1/4"" Hex Shank Crimp Wire Spindle Mounted Cup Brush TM7021-065",11.9,Yes,,,1,11.9,11.9,11.9,11.9,Matched Total Tools $11.9 (ST not listed)
2026-09-04,TM7022-050,"ITM 50mm 1/4"" Hex Shank Crimp Wire Spindle Mounted Wheel Brush TM7022-050",9.7,Yes,,,1,9.7,9.7,9.7,9.7,Matched Total Tools $9.7 (ST not listed)
2026-09-04,TM7022-075,"ITM 75mm 1/4"" Hex Shank Crimp Wire Spindle Mounted Wheel Brush TM7022-075",10.9,Yes,,,1,10.9,10.9,10.9,10.9,Matched Total Tools $10.9 (ST not listed)
2026-09-04,TM7022-100,"ITM 100mm 1/4"" Hex Shank Crimp Wire Spindle Mounted Wheel Brush TM7022-100",11.9,Yes,,,1,11.9,11.9,11.9,11.9,Matched Total Tools $11.9 (ST not listed)
2026-09-04,TM7040-001,ITM Steel Hand Wire Scratch Brush w/ Plastic Handle TM7040-001,10.9,Yes,,,1,10.9,10.9,10.9,10.9,Matched Total Tools $10.9 (ST not listed)
2026-09-04,TM7040-002,ITM Stainless Steel Hand Wire Scratch Brush w/ Plastic Handle TM7040-002,11.9,Yes,,,1,11.9,11.9,11.9,11.9,Matched Total Tools $11.9 (ST not listed)
2026-09-04,TM7102-075,"ITM 75mm 1/4"" Hex Shank Nylon Spindle Mounted Wheel Brush TM7102-075",24,Yes,,,1,24,24,24,24,Matched Total Tools $24 (ST not listed)
2026-09-04,TM826-01200,ITM TM826-01200 1200kg Scissor Floor Jack,,,68,Yes,1,68,68,68,68,Matched Sydney Tools $68 (TT not listed)
2026-09-04,TM826-01700,ITM TM826-01700 1700kg Hydraulic Garage Floor Jack,,,176,Yes,1,176,176,176,176,Matched Sydney Tools $176 (TT not listed)
2026-09-04,TM826-02000,ITM TM826-02000 2000kg Hydraulic Garage Floor Jack,,,342,Yes,1,342,342,342,342,Matched Sydney Tools $342 (TT not listed)
2026-09-04,TM826-03000,ITM TM826-03000 3000kg Hydraulic Garage Quick Lift Floor Jack,,,570,Yes,1,570,570,570,570,Matched Sydney Tools $570 (TT not listed)
2026-09-04,TM827-01200,ITM TM827-01200 1200kg Ultra Low Profile Hydraulic Floor Jack,,,674,Yes,1,674,674,674,674,Matched Sydney Tools $674 (TT not listed)
2026-09-04,TM827-01500,ITM TM827-01500 1500kg Offroad Hydraulic Floor Jack,,,882,Yes,1,882,882,882,882,Matched Sydney Tools $882 (TT not listed)
2026-09-04,TM827-02000,ITM TM827-02000 2000kg Aluminium Hydraulic Floor Jack,,,518,Yes,1,518,518,518,518,Matched Sydney Tools $518 (TT not listed)
2026-09-04,TM828-04000,ITM TM828-04000 4000kg Heavy Duty Long Hydraulic Floor Jack,,,1610,Yes,1,1610,1610,1610,1610,Matched Sydney Tools $1610 (TT not listed)
2026-09-04,TM828-08000,ITM TM828-08000 8000kg Heavy Duty Long Hydraulic Floor Jack,,,1922,Yes,1,1922,1922,1922,1922,Matched Sydney Tools $1922 (TT not listed)
2026-09-04,TM828-22000,"ITM TM828-22000 22,000kg Air/Hydraulic Heavy Duty Floor Jack",,,726,Yes,1,726,726,726,726,Matched Sydney Tools $726 (TT not listed)
2026-09-04,TM828-35000,"ITM TM828-35000 35,000kg Air/Hydraulic Heavy Duty Floor Jack",,,830,Yes,1,830,830,830,830,Matched Sydney Tools $830 (TT not listed)
2026-09-04,TM9040-00501,ITM 500kg 1.5m Lift Mini Lever Hoist Load Limited,169,Yes,,,1,169,169,169,169,Matched Total Tools $169 (ST not listed)
2026-09-04,TM9100-01000,ITM 1 Tonne 64-203mm Beam Width Push Girder Trolley,189,Yes,,,1,189,189,189,189,Matched Total Tools $189 (ST not listed)
2026-09-04,TM9100-03000,ITM 3 Tonne 100-305mm Beam Width Push Girder Trolley,395,Yes,,,1,395,395,395,395,Matched Total Tools $395 (ST not listed)
2026-09-04,TM9126-01005,ITM 1T 500mm Chain Drum Lifter,125,Yes,,,1,125,125,125,125,Matched Total Tools $125 (ST not listed)
2026-09-04,TM9160-01005,ITM 1 Tonne 0.5m Length Flat Web Lifting Sling,6.45,Yes,,,1,6.45,6.45,6.45,6.45,Matched Total Tools $6.45 (ST not listed)
2026-09-04,TM9160-01010,ITM 1 Tonne 1m Length Flat Web Lifting Sling,8.45,Yes,,,1,8.45,8.45,8.45,8.45,Matched Total Tools $8.45 (ST not listed)
2026-09-04,TM9160-01015,ITM 1 Tonne 1.5m Length Flat Web Lifting Sling,9.95,Yes,,,1,9.95,9.95,9.95,9.95,Matched Total Tools $9.95 (ST not listed)
2026-09-04,TM9160-03030,ITM 3 Tonne 3m Length Flat Web Lifting Sling,40,Yes,,,1,40,40,40,40,Matched Total Tools $40 (ST not listed)
2026-09-04,TM9160-03040,ITM 3 Tonne 4m Length Flat Web Lifting Sling,51,Yes,,,1,51,51,51,51,Matched Total Tools $51 (ST not listed)
2026-09-04,TM9160-03050,ITM 3 Tonne 5m Length Flat Web Lifting Sling,61,Yes,,,1,61,61,61,61,Matched Total Tools $61 (ST not listed)
2026-09-04,TM9160-03060,ITM 3 Tonne 6m Length Flat Web Lifting Sling TM9160-03060,71,Yes,,,1,71,71,71,71,Matched Total Tools $71 (ST not listed)
2026-09-04,TM9160-03080,ITM 3 Tonne 8m Length Flat Web Lifting Sling TM9160-03080,96,Yes,,,1,96,96,96,96,Matched Total Tools $96 (ST not listed)
2026-09-04,TM9162-01015,ITM 1 Tonne 1.5m Length Round Lifting Sling,9.95,Yes,,,1,9.95,9.95,9.95,9.95,Matched Total Tools $9.95 (ST not listed)
2026-09-04,TM9162-02005,ITM 2 Tonne 0.5m Length Round Lifting Sling,6.45,Yes,,,1,6.45,6.45,6.45,6.45,Matched Total Tools $6.45 (ST not listed)
2026-09-04,TM9162-02025,ITM 2 Tonne 2.5m Length Round Lifting Sling,23,Yes,,,1,23,23,23,23,Matched Total Tools $23 (ST not listed)
2026-09-04,TM9162-10010,ITM 10 Tonne 1m Length Round Lifting Sling,36.95,Yes,,,1,36.95,36.95,36.95,36.95,Matched Total Tools $36.95 (ST not listed)
2026-09-04,TM9220-08525,ITM 8.5T 25mm Body Yellow Pin GS Screw Pin Dee Shackles,44,Yes,,,1,44,44,44,44,Matched Total Tools $44 (ST not listed)
2026-09-04,TM9401-07512,ITM 5000kg Strap Ratchet Single Pack,105,Yes,,,1,105,105,105,105,Matched Total Tools $105 (ST not listed)
2026-09-04,TM9404-02504,ITM 350kg Strap Ratchet - 4 Pack,26,Yes,,,1,26,26,26,26,Matched Total Tools $26 (ST not listed)
2026-09-04,TM9700-04208,"ITM TM9700-04208 4200KG 8mm (5/16"") Load Binder Eye Hooks Chain Lever",,,52,Yes,1,52,52,52,52,Matched Sydney Tools $52 (TT not listed)
2026-09-04,TM9700-07310,"ITM TM9700-07310 7300KG 10mm (3/8"") Load Binder Eye Hooks Chain Lever",,,79,Yes,1,79,79,79,79,Matched Sydney Tools $79 (TT not listed)
2026-09-04,TM9701-02006,ITM 2000kg Ratchet Load Binder Eye Hook Chain,48,Yes,,,1,48,48,48,48,Matched Total Tools $48 (ST not listed)
2026-09-04,TM9701-10013,ITM 10000kg Ratchet Load Binder Eye Hook Chain,89,Yes,,,1,89,89,89,89,Matched Total Tools $89 (ST not listed)
2026-09-04,TM9804-2000,ITM TM9804-2000 2000kg 6mm to Suit 8mm Chain G80 Vehicle Chain Safety Hook Set,31,Yes,39,Yes,2,31,39,35,35,Midpoint TT $31 / ST $39
2026-09-04,TM9804-2000B,ITM TM9804-2000B 2000kg Max Towing Capacity 8mm Black Safety Chain Hook Set,,,39,Yes,1,39,39,39,39,Matched Sydney Tools $39 (TT not listed)
2026-09-04,TM9804-4000,ITM TM9804-4000 4000kg 8mm to Suit 10mm-13mm Chain G80 Vehicle Chain Safety Hook Set,39,Yes,49,Yes,2,39,49,44,44,Midpoint TT $39 / ST $49
2026-09-04,TM9804-4000B,ITM TM9804-4000B 4000kg Max Towing Capacity 10mm-13mm Black Safety Chain Hook Set,,,49,Yes,1,49,49,49,49,Matched Sydney Tools $49 (TT not listed)
2026-09-04,TM9812-01030,ITM 3t Lifting Point Weld On Pivoting D Link,31.95,Yes,,,1,31.95,31.95,31.95,31.95,Matched Total Tools $31.95 (ST not listed)
2026-09-04,TM9812-01080,ITM 8t Lifting Point Weld On Pivoting D Link,96,Yes,,,1,96,96,96,96,Matched Total Tools $96 (ST not listed)
2026-09-04,VDP150,ITM 150mm Drill Press Vice VDP150,139,Yes,,,1,139,139,139,139,Matched Total Tools $139 (ST not listed)
2026-09-04,VDPL155,ITM 150mm Drill Press Vice VDPL155,179,Yes,,,1,179,179,179,179,Matched Total Tools $179 (ST not listed)